id,donor_id,donor_name,year,total_amount,generated_date,sent_date,delivery_method
stmt_32e9f487,donor_90efad32,Susan Brown,2025,775,2026-01-05,,
stmt_98eec4ab,donor_123d19f0,Rachel Reed,2025,470,2026-01-05,2026-01-13,email
stmt_3d845630,donor_d7ba0170,Rachel Reed,2025,1330,2026-01-05,,
stmt_59474680,donor_b7a8190d,Ruth Carter,2025,625,2026-01-05,2026-01-15,email
stmt_599d6575,donor_67a27633,Adam Carter,2025,25,2026-01-05,,
stmt_74428263,donor_09dac0c2,Emily Robinson,2025,575,2026-01-05,,
stmt_98572be6,donor_5fb2f8b5,Rachel Robinson,2025,100,2026-01-05,2026-01-19,email
stmt_9fecefb9,donor_e282d4f6,Brenda Lee,2025,490,2026-01-05,2026-01-19,email
stmt_c016266e,donor_dba7712c,Lauren Ramirez,2025,300,2026-01-05,2026-01-08,email
stmt_e4fdc7dc,donor_bccd1f74,Catherine Ramirez,2025,725,2026-01-05,2026-01-10,email
stmt_61c7ebd3,donor_4f1f4e89,Diane Lopez,2025,885,2026-01-05,,
stmt_2d8d4bc5,donor_ceba81f0,Samuel Ward,2025,2370,2026-01-05,2026-01-14,email
stmt_a615470f,donor_214e0ffb,Nicholas Ward,2025,25,2026-01-05,2026-01-11,print
stmt_97c61c46,donor_35ce36ef,James Martin,2025,100,2026-01-05,2026-01-10,print
stmt_9b9a103d,donor_19184bf1,Jonathan Diaz,2025,2550,2026-01-05,2026-01-11,email
stmt_8029afc3,donor_8d86494f,Virginia Diaz,2025,400,2026-01-05,,
stmt_d0e4777f,donor_ae7695b5,Ashley Long,2025,175,2026-01-05,,
stmt_8078fd16,donor_ae2ce2ef,James Long,2025,1725,2026-01-05,2026-01-13,print
stmt_e6b5a16f,donor_c3d6bc99,Patrick Walker,2025,3515,2026-01-05,2026-01-07,email
stmt_17460d2d,donor_5b8501ca,Richard Walker,2025,450,2026-01-05,2026-01-09,email
stmt_3b494e0b,donor_0f6701b1,Aaron Miller,2025,570,2026-01-05,,
stmt_f83d24c5,donor_17202f36,Michael Cook,2025,325,2026-01-05,2026-01-15,email
stmt_de457710,donor_ad4c79dc,Gary Cook,2025,10,2026-01-05,2026-01-11,email
stmt_fd3008f5,donor_b66d8709,Janet King,2025,700,2026-01-05,,
stmt_11e9341f,donor_320cd298,Kathleen Wood,2025,795,2026-01-05,2026-01-10,email
stmt_a05f8f2a,donor_b554d70b,Justin Foster,2025,110,2026-01-05,2026-01-16,email
stmt_508f863c,donor_3e2d6a01,Christine Clark,2025,1075,2026-01-05,2026-01-19,email
stmt_51a680c7,donor_7e3fc3ec,Ashley Ramirez,2025,2100,2026-01-05,2026-01-12,email
stmt_c0e88110,donor_7fed6419,Mary Ramirez,2025,4250,2026-01-05,,
stmt_9e8e2fd2,donor_6109247a,Carolyn Wilson,2025,825,2026-01-05,,
stmt_b886aa85,donor_0268b032,Barbara Wilson,2025,1150,2026-01-05,2026-01-17,email
stmt_3fa6423f,donor_089b47da,Brenda King,2025,475,2026-01-05,2026-01-12,email
stmt_c8079d6a,donor_ae91f4d3,Debra Garcia,2025,470,2026-01-05,,
stmt_cd3d0ef5,donor_55f1e428,Jack Walker,2025,150,2026-01-05,2026-01-10,email
stmt_6a44f488,donor_0c7e0ecf,Michelle Jones,2025,745,2026-01-05,2026-01-07,email
stmt_3455bf4b,donor_95401da0,Henry Jones,2025,450,2026-01-05,,
stmt_f9c2d617,donor_914a9077,Justin Kelly,2025,550,2026-01-05,2026-01-11,print
stmt_1a23fb71,donor_6a07a68d,Jennifer Bailey,2025,1970,2026-01-05,2026-01-13,email
stmt_5ae008a1,donor_9a78f5bc,Christine Nelson,2025,190,2026-01-05,2026-01-19,email
stmt_e0ac1f74,donor_183f136f,Stephen Carter,2025,1625,2026-01-05,2026-01-07,email
stmt_7d94f095,donor_15afa5f9,Raymond Stewart,2025,525,2026-01-05,,
stmt_411bf04e,donor_3054e35b,Jacob Lewis,2025,1395,2026-01-05,2026-01-18,email
stmt_57ff75b8,donor_4e838761,Frank Roberts,2025,440,2026-01-05,2026-01-11,email
stmt_2c86dc43,donor_931c5fab,Cynthia Cox,2025,575,2026-01-05,,
stmt_51cc1b79,donor_282d97d2,Dennis Ward,2025,4270,2026-01-05,2026-01-06,email
stmt_77d636db,donor_4a41f1a6,Zachary Sullivan,2025,125,2026-01-05,2026-01-20,email
stmt_5805ef5d,donor_2fd26fa6,Anthony Evans,2025,975,2026-01-05,,
stmt_ad35299f,donor_82e50e2f,James Evans,2025,1295,2026-01-05,2026-01-11,email
stmt_8d71817f,donor_c76119e9,Patricia Lewis,2025,1500,2026-01-05,,
stmt_3bb28f83,donor_03186203,Cynthia Turner,2025,325,2026-01-05,2026-01-13,email
stmt_c6e6d372,donor_dc5ceb75,Maria Turner,2025,2050,2026-01-05,2026-01-17,email
stmt_0070b9c0,donor_e8043686,Dennis Miller,2025,175,2026-01-05,,
stmt_5d0ec389,donor_2495e1af,Nicole Anderson,2025,190,2026-01-05,,
stmt_529a412e,donor_c1e74bbe,Frank Richardson,2025,425,2026-01-05,2026-01-18,email
stmt_77e5ea4c,donor_8cec4b12,Mary Edwards,2025,400,2026-01-05,,
stmt_346b789f,donor_96fe9153,Sharon Edwards,2025,1670,2026-01-05,2026-01-10,email
stmt_98571f30,donor_dca59990,Douglas Ortiz,2025,2150,2026-01-05,,
stmt_8da55ab3,donor_8bfbef64,Kimberly Adams,2025,570,2026-01-05,2026-01-16,email
stmt_8045c6c6,donor_aa7c044f,David Adams,2025,2510,2026-01-05,2026-01-09,email
stmt_1f04ce7e,donor_5b9bd2c8,Mark Hughes,2025,375,2026-01-05,2026-01-05,print
stmt_dd4c2236,donor_8602a180,Steven Gutierrez,2025,200,2026-01-05,2026-01-16,email
stmt_b2184f42,donor_7da752ee,Matthew Gutierrez,2025,395,2026-01-05,2026-01-18,email
stmt_830c514f,donor_e00a7330,Joshua Gonzalez,2025,200,2026-01-05,,
stmt_9d66297e,donor_2a5e33de,Jacob Taylor,2025,400,2026-01-05,2026-01-05,email
stmt_5bf0eebd,donor_1c8dee06,Joshua Martinez,2025,25,2026-01-05,,
stmt_1034c36f,donor_56d432f0,Michelle Carter,2025,850,2026-01-05,2026-01-20,email
stmt_3a1f1ca0,donor_755ea555,James Lee,2025,250,2026-01-05,2026-01-19,email
stmt_e5d794f9,donor_21aff654,Diane Morales,2025,925,2026-01-05,,
stmt_ddc5e863,donor_39f91b78,Michelle Wright,2025,425,2026-01-05,2026-01-12,email
stmt_437814ff,donor_531e1e3e,Victoria Wright,2025,75,2026-01-05,2026-01-11,email
stmt_36f9992e,donor_ef9f2110,Eric Foster,2025,1575,2026-01-05,2026-01-18,email
stmt_52ef725d,donor_54f51fed,Timothy Evans,2025,650,2026-01-05,,
stmt_588253ba,donor_7c0acdd3,Virginia Adams,2025,720,2026-01-05,2026-01-08,email
stmt_bdc21b51,donor_6dfc3662,Benjamin Adams,2025,100,2026-01-05,,
stmt_ff26fc2f,donor_647e1ae1,Carolyn Anderson,2025,695,2026-01-05,,
stmt_54e2cb77,donor_089de1e4,Stephen Anderson,2025,660,2026-01-05,2026-01-08,email
stmt_1eba4813,donor_274a61a5,James Scott,2025,585,2026-01-05,2026-01-12,email
stmt_c7c7e88d,donor_b36891c4,Ryan Morgan,2025,1000,2026-01-05,,
stmt_4d93d4ac,donor_ce487423,Julie Gutierrez,2025,910,2026-01-05,,
stmt_aa618f44,donor_ddd2006c,Virginia Gutierrez,2025,425,2026-01-05,2026-01-13,email
stmt_89ce5b4a,donor_ce7f7af6,Helen Evans,2025,675,2026-01-05,2026-01-13,print
stmt_81e3b18b,donor_b8879cec,Barbara Jones,2025,345,2026-01-05,,
stmt_f3681728,donor_01351dad,Sharon Garcia,2025,275,2026-01-05,2026-01-19,print
stmt_75143219,donor_78dc99f6,Cynthia Carter,2025,275,2026-01-05,2026-01-18,print
stmt_ba592556,donor_67939e79,Jason Stewart,2025,400,2026-01-05,,
stmt_161c611e,donor_19cc86e5,Donald Stewart,2025,195,2026-01-05,2026-01-16,print
stmt_029dceb2,donor_21902012,Debra Myers,2025,1175,2026-01-05,2026-01-06,email
stmt_31f7b83e,donor_310e10a6,Nicole Myers,2025,2580,2026-01-05,,
stmt_eb1d6af1,donor_247e67cf,George Reyes,2025,6150,2026-01-05,,
stmt_563f27b7,donor_ceb81738,Nancy Howard,2025,2400,2026-01-05,2026-01-20,email
stmt_20ad6eaf,donor_db8d95fe,Charles Howard,2025,250,2026-01-05,2026-01-18,print
stmt_06aec65a,donor_fd929cd8,Gregory Johnson,2025,345,2026-01-05,2026-01-20,email
stmt_17ec54b8,donor_f94a11b9,Samantha James,2025,1175,2026-01-05,2026-01-15,print
stmt_74fa062b,donor_18e76c81,Deborah Cooper,2025,200,2026-01-05,2026-01-06,email
stmt_8d1198b7,donor_8c7c30ac,Victoria Cooper,2025,400,2026-01-05,2026-01-12,print
stmt_1ddd3299,donor_e2f2aeb2,George Mitchell,2025,1625,2026-01-05,,
stmt_0b6d72f4,donor_ac563e61,Matthew Mitchell,2025,350,2026-01-05,2026-01-17,print
stmt_955617c8,donor_224fc93b,Adam Nelson,2025,4135,2026-01-05,,
stmt_0aa164cd,donor_96258ca3,Tyler Nelson,2025,800,2026-01-05,,
stmt_1504e3da,donor_a3d0cca6,Tyler Anderson,2025,675,2026-01-05,2026-01-12,print
stmt_35876f24,donor_9a337c20,Emma Gutierrez,2025,475,2026-01-05,2026-01-20,email
stmt_46dc7162,donor_9f52c3e7,Susan Brown,2025,330,2026-01-05,2026-01-05,print
stmt_cba8df3f,donor_f7970aa6,Ryan James,2025,185,2026-01-05,,
stmt_f7cf5fdb,donor_b4ad61b7,Laura James,2025,250,2026-01-05,2026-01-12,email
stmt_e3c17126,donor_2bcfd371,Jacob Green,2025,1070,2026-01-05,2026-01-08,email
stmt_973b62a9,donor_ac7a8e0b,Emma Green,2025,250,2026-01-05,2026-01-06,email
stmt_0227ec34,donor_4295bbfe,Susan Russell,2025,700,2026-01-05,2026-01-08,email
stmt_e8470b86,donor_1f30336c,Gregory Scott,2025,485,2026-01-05,2026-01-10,email
stmt_2cdf7cb6,donor_ec0a3e4c,Lauren Scott,2025,495,2026-01-05,2026-01-18,email
stmt_53d3e6ce,donor_095aa792,Rebecca Jenkins,2025,1600,2026-01-05,2026-01-07,email
stmt_a7230258,donor_b0fdc414,Victoria Jenkins,2025,1150,2026-01-05,2026-01-15,email
stmt_078c1cd3,donor_bc2d1347,Margaret Myers,2025,575,2026-01-05,2026-01-07,email
stmt_40e2573b,donor_de36082c,Shirley Myers,2025,675,2026-01-05,,
stmt_f66b168d,donor_4f0ebc4e,Jessica Hill,2025,700,2026-01-05,2026-01-06,email
stmt_0666e260,donor_1bc8446e,Nicholas Hill,2025,925,2026-01-05,,
stmt_b439a845,donor_5aa8e33e,Stephanie Murphy,2025,1575,2026-01-05,,
stmt_e1fc64b0,donor_b5aa4d4f,Susan James,2025,1025,2026-01-05,2026-01-20,email
stmt_5dbce3f1,donor_a5f73c9c,Shirley Fisher,2025,475,2026-01-05,2026-01-17,email
stmt_444b95b7,donor_e46ead34,Betty Fisher,2025,1140,2026-01-05,2026-01-14,email
stmt_588e0119,donor_d9404518,Karen Diaz,2025,320,2026-01-05,2026-01-13,print
stmt_6fb97f9b,donor_00844657,Adam Flores,2025,660,2026-01-05,2026-01-08,print
stmt_bb92c6e2,donor_365ac463,Dorothy Ward,2025,385,2026-01-05,2026-01-11,email
stmt_ad27a5cd,donor_c7141801,Eric Thompson,2025,400,2026-01-05,2026-01-19,email
stmt_55dfd225,donor_6281cd77,Gregory Miller,2025,3370,2026-01-05,2026-01-19,email
stmt_1f906b86,donor_679db2ec,David Flores,2025,135,2026-01-05,2026-01-06,email
stmt_2a45eb56,donor_79731174,Michelle Long,2025,510,2026-01-05,2026-01-05,print
stmt_b8915e5f,donor_f8f9637a,Elizabeth Long,2025,2505,2026-01-05,2026-01-12,email
stmt_6d83c6cf,donor_787311b7,Lisa Baker,2025,260,2026-01-05,,
stmt_1f932f5d,donor_188a9d25,Gregory Baker,2025,400,2026-01-05,2026-01-18,email
stmt_2b93cd97,donor_9544bb57,Pamela Walker,2025,140,2026-01-05,2026-01-14,print
stmt_a00e508a,donor_1d15e973,Christopher Walker,2025,600,2026-01-05,2026-01-16,email
stmt_ec6ec209,donor_d0409c59,Maria Ward,2025,1045,2026-01-05,2026-01-12,email
stmt_f90b1720,donor_86d7aaca,Melissa Hall,2025,7095,2026-01-05,2026-01-06,email
stmt_9903c15f,donor_c8cac432,Sarah Moore,2025,900,2026-01-05,,
stmt_812eb4f2,donor_38a18ded,Jessica Martin,2025,310,2026-01-05,,
stmt_e1278b52,donor_2cb70553,Scott Martin,2025,50,2026-01-05,,
stmt_4587c481,donor_e70435ba,Christine Smith,2025,1225,2026-01-05,2026-01-19,email
stmt_4a61c658,donor_44f0f57b,Tyler Smith,2025,350,2026-01-05,,
stmt_719476cc,donor_0160444e,Janet Allen,2025,50,2026-01-05,2026-01-15,print
stmt_93d58dc4,donor_7357ac35,Ruth Hughes,2025,80,2026-01-05,,
stmt_3c7d1e3f,donor_fb88cd25,Anna Garcia,2025,645,2026-01-05,2026-01-07,email
stmt_57de20c2,donor_d3dba9df,Stephanie Nelson,2025,750,2026-01-05,,
stmt_ed32dc50,donor_bdf69ead,Nicole Bell,2025,1850,2026-01-05,2026-01-08,print
stmt_82f4f42c,donor_230a59e9,Jeffrey Flores,2025,1345,2026-01-05,2026-01-20,email
stmt_9f3187b2,donor_aea38f1a,Christopher Cruz,2025,375,2026-01-05,2026-01-13,email
stmt_c09b60f7,donor_c37a721f,Donald Cruz,2025,2320,2026-01-05,2026-01-15,print
stmt_8585033d,donor_64455351,Shirley Mitchell,2025,1460,2026-01-05,,
stmt_2da4c6a9,donor_e522e7e4,Margaret Roberts,2025,50,2026-01-05,2026-01-14,email
stmt_d6eca859,donor_feda31dd,Alexander Sullivan,2025,100,2026-01-05,2026-01-10,email
stmt_4a58b8f0,donor_6d4f8d72,Diane Bailey,2025,1820,2026-01-05,2026-01-10,email
stmt_f0cd43a3,donor_2b3cf48c,Kathleen Lopez,2025,375,2026-01-05,,
stmt_d8c323b0,donor_a77240fc,Lisa Sanders,2025,420,2026-01-05,,
stmt_4fdd80b0,donor_f23833c8,Andrew Lee,2025,320,2026-01-05,,
stmt_bd7101c0,donor_8cb44e9d,Brandon Lee,2025,400,2026-01-05,2026-01-09,email
stmt_edc5d420,donor_2eb5987e,Jennifer James,2025,1990,2026-01-05,2026-01-07,email
stmt_91dff23a,donor_ecefb9b1,Amy James,2025,100,2026-01-05,2026-01-14,email
stmt_fcb06871,donor_490e2af4,Cynthia Martinez,2025,470,2026-01-05,2026-01-08,email
stmt_b7ac826a,donor_608f632e,Maria Martinez,2025,400,2026-01-05,,
stmt_8b5b13a9,donor_6f45ce4d,Matthew Morris,2025,525,2026-01-05,2026-01-09,email
stmt_70b5bec2,donor_3756cadc,Justin Lopez,2025,445,2026-01-05,2026-01-08,email
stmt_1150eb6d,donor_70343676,George Johnson,2025,400,2026-01-05,2026-01-06,email
stmt_4c551163,donor_68cd821b,George Johnson,2025,200,2026-01-05,,
stmt_ce630e86,donor_5a7a0a9f,Diane James,2025,400,2026-01-05,2026-01-08,print
stmt_59011e9c,donor_f6542b83,Aaron Garcia,2025,645,2026-01-05,,
stmt_7d0486ca,donor_41d90458,Angela Gray,2025,1900,2026-01-05,,
stmt_e8731848,donor_7081af3e,Gregory Gray,2025,475,2026-01-05,2026-01-08,email
stmt_49866c62,donor_fe6955f5,Shirley King,2025,400,2026-01-05,,
stmt_efbf8868,donor_535ebc3e,Rebecca Morales,2025,745,2026-01-05,2026-01-14,email
stmt_37f023f2,donor_7a176a8e,Shirley Bell,2025,625,2026-01-05,,
stmt_d5bfaca4,donor_e1a777b0,Joshua Harris,2025,1025,2026-01-05,2026-01-18,print
stmt_1875c6df,donor_9e5b6742,Jennifer Richardson,2025,645,2026-01-05,2026-01-10,email
stmt_f13bc9f4,donor_2069c71d,Margaret Richardson,2025,375,2026-01-05,2026-01-07,print
stmt_eed8a7ee,donor_77d24b34,Shirley Gray,2025,1150,2026-01-05,2026-01-12,email
stmt_a0cdfc6d,donor_8d79ad4d,Richard Gray,2025,875,2026-01-05,,
stmt_823bed17,donor_e58da126,Samuel Rogers,2025,550,2026-01-05,2026-01-19,print
stmt_e9178e4d,donor_86f38fb5,Amy Thompson,2025,250,2026-01-05,2026-01-20,email
stmt_4c12da7a,donor_21a35c6a,Victoria Nelson,2025,450,2026-01-05,,
stmt_876198bd,donor_39ecd98e,Diane Hughes,2025,150,2026-01-05,2026-01-11,email
stmt_3c2f3e15,donor_5f083fc3,Lisa Bailey,2025,450,2026-01-05,2026-01-19,email
stmt_fee6baec,donor_086d463b,Mary Wright,2025,1120,2026-01-05,2026-01-20,email
stmt_fa10276f,donor_efc226fe,Mark Phillips,2025,70,2026-01-05,2026-01-09,print
stmt_f0bb5b1f,donor_7013431a,Rachel Phillips,2025,420,2026-01-05,2026-01-05,email
stmt_f0715020,donor_50fed918,George Brooks,2025,320,2026-01-05,2026-01-13,print
stmt_fbbf5fb0,donor_051e34d0,Gary Adams,2025,425,2026-01-05,2026-01-20,email
stmt_96af001a,donor_cf68b533,Ryan Adams,2025,880,2026-01-05,2026-01-19,print
stmt_606f772b,donor_c06009c6,Brian Smith,2025,1725,2026-01-05,2026-01-16,print
stmt_f295973a,donor_dc2635c3,Lisa Smith,2025,3575,2026-01-05,2026-01-07,email
stmt_60e890b3,donor_49a70a85,Ronald Sanders,2025,500,2026-01-05,,
stmt_fa04bd5a,donor_3e1cbf18,Jason Sanders,2025,3000,2026-01-05,2026-01-10,email
stmt_d5157c08,donor_a3ca131c,Christina Russell,2025,400,2026-01-05,2026-01-20,email
stmt_04fa12b4,donor_6bf488d4,Laura Russell,2025,510,2026-01-05,2026-01-14,email
stmt_60c23957,donor_933aab30,Jose Ramirez,2025,570,2026-01-05,,
stmt_dfbeb6e2,donor_f760cf07,Joshua Ramirez,2025,660,2026-01-05,2026-01-10,email
stmt_38883643,donor_2fba9fc6,Brian Watson,2025,50,2026-01-05,,
stmt_9e1dabcc,donor_a555056e,Karen Watson,2025,225,2026-01-05,2026-01-17,email
stmt_22755b06,donor_7bfd68c9,Rebecca Powell,2025,1535,2026-01-05,2026-01-10,email
stmt_c0f668d2,donor_7cf3f929,Kyle Powell,2025,225,2026-01-05,,
stmt_6e3ec84c,donor_967bc99f,Christine Carter,2025,475,2026-01-05,,
stmt_fc8e43cd,donor_ec436d8e,Jack Carter,2025,935,2026-01-05,,
stmt_5296f7a7,donor_56c8b01a,Katherine Walker,2025,750,2026-01-05,2026-01-06,email
stmt_f9a74ab6,donor_1108567e,Maria Walker,2025,2275,2026-01-05,,
stmt_fff8d414,donor_6cf021ff,Justin Lewis,2025,575,2026-01-05,2026-01-14,print
stmt_a610f73b,donor_b3b7abc1,Julie Young,2025,225,2026-01-05,2026-01-19,email
stmt_f1a1f039,donor_5bbb7294,Linda Russell,2025,405,2026-01-05,2026-01-09,email
stmt_b3a8d7d1,donor_4e7e6856,William Russell,2025,550,2026-01-05,,
stmt_04c26d8f,donor_0106f8a7,Stephen Cruz,2025,2350,2026-01-05,2026-01-06,email
stmt_77a7dec0,donor_20515d9a,Jose Cruz,2025,395,2026-01-05,2026-01-20,email
stmt_8f36484b,donor_76ad4ec4,Melissa Harris,2025,475,2026-01-05,,
stmt_078f4b39,donor_4b977d72,Katherine Harris,2025,860,2026-01-05,2026-01-05,email
stmt_de8fd899,donor_eb757669,Sharon Davis,2025,720,2026-01-05,2026-01-15,email
stmt_02655945,donor_35595a8a,Kyle Ross,2025,1820,2026-01-05,2026-01-08,email
stmt_dcbe40f2,donor_a415511c,Donald Perry,2025,1070,2026-01-05,2026-01-10,print
stmt_bfe282a9,donor_53ece9e1,Sharon Ross,2025,775,2026-01-05,2026-01-05,print
stmt_2d14e3ac,donor_da3530d7,Edward Wright,2025,1325,2026-01-05,2026-01-11,print
stmt_e5ee0561,donor_500672f8,Carolyn Wright,2025,500,2026-01-05,2026-01-12,email
stmt_245997f5,donor_06401e33,Michelle Green,2025,3175,2026-01-05,2026-01-06,print
stmt_33f4c3fc,donor_b843a6a7,Stephen Cox,2025,500,2026-01-05,,
stmt_c8ddc026,donor_c0a39505,Edward Hernandez,2025,650,2026-01-05,,
stmt_0b9ce78c,donor_5c6a318f,Sharon Hernandez,2025,615,2026-01-05,,
stmt_79724dbf,donor_49f38728,Sarah Russell,2025,1350,2026-01-05,2026-01-10,email
stmt_f79740f9,donor_8877b944,Frank Price,2025,1115,2026-01-05,2026-01-19,email
stmt_a1f207d5,donor_a162d30e,Joseph Young,2025,2780,2026-01-05,,
stmt_c1144bf0,donor_e901c439,Jose Cook,2025,800,2026-01-05,,
stmt_344bcf89,donor_4c404ce9,Kathleen Martin,2025,590,2026-01-05,2026-01-20,email
stmt_af5d8470,donor_764ead35,Scott Martin,2025,120,2026-01-05,,
stmt_b6f933a3,donor_941a858c,Diane Gray,2025,350,2026-01-05,2026-01-17,print
stmt_5bfb64cc,donor_40052902,Brenda Gray,2025,1120,2026-01-05,,
stmt_15a84bbc,donor_32f3c42a,Donna Foster,2025,850,2026-01-05,2026-01-18,print
stmt_8d83a742,donor_11e1af45,Patrick Bell,2025,375,2026-01-05,2026-01-17,email
stmt_9dc3c0e2,donor_951fcfa7,Stephen Hughes,2025,820,2026-01-05,2026-01-20,email
stmt_42a2cbb7,donor_bd2eee70,Victoria Myers,2025,200,2026-01-05,,
stmt_8f1d06ad,donor_7e160580,Emily Myers,2025,2700,2026-01-05,2026-01-10,print
stmt_f2dad8a4,donor_3900c0ea,Gary Sanchez,2025,775,2026-01-05,2026-01-16,print
stmt_c86a46a6,donor_76407bf4,Brian Sanchez,2025,1600,2026-01-05,2026-01-19,email
stmt_323592bf,donor_67e5f64e,Michelle Watson,2025,905,2026-01-05,,
stmt_a801fb51,donor_0c47cc01,Samuel Edwards,2025,475,2026-01-05,,
stmt_fcd667c6,donor_f8cc0bf4,Matthew Morris,2025,380,2026-01-05,,
stmt_24e7183b,donor_a2ea7bd6,Alexander Morris,2025,790,2026-01-05,,
stmt_6f264fda,donor_7c96491b,Ryan Scott,2025,125,2026-01-05,2026-01-07,email
stmt_2ec7746f,donor_3129d457,Paul Scott,2025,470,2026-01-05,2026-01-16,email
stmt_248ede73,donor_5d92ccfe,Kimberly Edwards,2025,1725,2026-01-05,,
stmt_584dd33f,donor_25826741,Anthony Gray,2025,625,2026-01-05,,
stmt_fd7a6223,donor_6f852dbe,Joyce Powell,2025,450,2026-01-05,,
stmt_30cf2176,donor_ccfd3fcf,Henry Powell,2025,400,2026-01-05,,
stmt_814a1d2f,donor_5669b3eb,Paul Butler,2025,1570,2026-01-05,2026-01-17,email
stmt_89459caa,donor_bc41fadc,Virginia Mitchell,2025,195,2026-01-05,2026-01-08,print
stmt_e4ba1902,donor_b4e0f05e,Andrew Edwards,2025,500,2026-01-05,2026-01-13,email
stmt_43f811ec,donor_4706f84e,Jennifer Edwards,2025,795,2026-01-05,2026-01-13,email
stmt_dbc96ce1,donor_daa82468,Christina Edwards,2025,2500,2026-01-05,2026-01-18,email
stmt_a103636a,donor_d31fe5bf,Alexander Reyes,2025,275,2026-01-05,,
stmt_8b58d969,donor_ba9995c6,Debra Reyes,2025,1245,2026-01-05,2026-01-13,email
stmt_793e8b8c,donor_68ae25ad,Karen Perez,2025,1045,2026-01-05,2026-01-16,email
stmt_edf427f3,donor_14b054b4,Sarah Watson,2025,650,2026-01-05,2026-01-18,email
stmt_4969ff7d,donor_006e4be6,Angela Ross,2025,375,2026-01-05,2026-01-17,print
stmt_d8dcb1b7,donor_feb93ae8,Kenneth Cruz,2025,220,2026-01-05,,
stmt_272bffe5,donor_468039a9,Jerry Cruz,2025,225,2026-01-05,2026-01-08,email
stmt_d0aad9c3,donor_6ae370d9,Nicholas Davis,2025,2450,2026-01-05,2026-01-19,print
stmt_f07f3c0e,donor_b9bf9f61,Brandon Davis,2025,645,2026-01-05,2026-01-16,email
stmt_01b52df5,donor_8a505d00,Adam Martin,2025,975,2026-01-05,,
stmt_db68bbee,donor_be96bdb0,Jack Collins,2025,650,2026-01-05,,
stmt_228c8833,donor_0dc5d942,Amy Collins,2025,2645,2026-01-05,,
stmt_83cd8255,donor_619ffd83,Shirley Wright,2025,450,2026-01-05,2026-01-08,email
stmt_a5159477,donor_f1e0988a,Susan Cooper,2025,75,2026-01-05,2026-01-12,email
stmt_34d4f365,donor_ea6ae9ca,Joyce Cooper,2025,780,2026-01-05,,
stmt_44faee44,donor_b87d3742,Lauren Jones,2025,745,2026-01-05,2026-01-07,print
stmt_1459c7b3,donor_dcdc2989,Gregory Jones,2025,635,2026-01-05,,
stmt_8c8d410a,donor_1eb8e43f,Mary Torres,2025,1970,2026-01-05,2026-01-11,print
stmt_24576e0d,donor_8a805933,Christina Cooper,2025,575,2026-01-05,2026-01-13,email
stmt_e2fee7c4,donor_b849d9fa,Rebecca Ortiz,2025,1780,2026-01-05,2026-01-07,email
stmt_21dc94cc,donor_47e9fd58,Justin Bell,2025,620,2026-01-05,,
stmt_bd95c347,donor_f8813cf7,Aaron Taylor,2025,325,2026-01-05,2026-01-17,email
stmt_d3b0452e,donor_80d40deb,Cynthia Moore,2025,5520,2026-01-05,,
stmt_e6400167,donor_01e1cf5a,Michael Thomas,2025,300,2026-01-05,2026-01-07,email
stmt_06e9094d,donor_7dee3723,Diane Ward,2025,500,2026-01-05,2026-01-09,print
stmt_8e510b8d,donor_663662f6,Jose Hughes,2025,170,2026-01-05,2026-01-17,email
stmt_894aaa63,donor_21d6fdb6,Patrick Cook,2025,1650,2026-01-05,2026-01-11,print
stmt_c3e305b5,donor_dd18707c,Emily Cook,2025,490,2026-01-05,2026-01-19,email
stmt_80fbd84b,donor_9e308f53,Emily Cooper,2025,685,2026-01-05,,
stmt_736f151d,donor_e062c800,Peter Sullivan,2025,365,2026-01-05,2026-01-14,email
stmt_0d3ed6b1,donor_6fee7c7f,Jerry Fisher,2025,650,2026-01-05,2026-01-18,print
stmt_d664af5d,donor_626d03f4,Paul Fisher,2025,225,2026-01-05,2026-01-05,email
stmt_ca0854d1,donor_478ca297,Jack Thompson,2025,560,2026-01-05,2026-01-09,email
stmt_64d44308,donor_dd71bfb2,Linda Cooper,2025,1200,2026-01-05,2026-01-09,print
stmt_20f9d105,donor_271e4ae4,Emma Baker,2025,150,2026-01-05,2026-01-13,email
stmt_5f4d8ebc,donor_a3d52c48,Dorothy Myers,2025,1160,2026-01-05,2026-01-19,email
stmt_a4feb0d1,donor_a00221db,Michelle Cox,2025,525,2026-01-05,,
stmt_b8119885,donor_0450e997,Ruth Barnes,2025,920,2026-01-05,,
stmt_9b2b6a9b,donor_694356fc,Barbara Walker,2025,325,2026-01-05,2026-01-20,print
stmt_55e7fed5,donor_370c02af,Michael Rodriguez,2025,11630,2026-01-05,2026-01-20,email
stmt_fc85f6ef,donor_9c85578e,Anna Rodriguez,2025,1370,2026-01-05,2026-01-05,email
stmt_42d5eebb,donor_82c8ea4b,Susan Martinez,2025,1145,2026-01-05,2026-01-08,email
stmt_d6c70a10,donor_1982f5e5,Carol Martinez,2025,585,2026-01-05,2026-01-05,print
stmt_03bf68e5,donor_567171f3,Matthew Collins,2025,100,2026-01-05,2026-01-06,email
stmt_48da57b5,donor_06cc33b9,Michael Miller,2025,750,2026-01-05,2026-01-20,email
stmt_0b51b22a,donor_72c322a4,Patricia Miller,2025,1475,2026-01-05,2026-01-15,email
stmt_d3818b31,donor_a5894e50,Deborah Rogers,2025,150,2026-01-05,2026-01-16,print
stmt_6b4e49d0,donor_3790c670,Rachel Lewis,2025,575,2026-01-05,2026-01-06,email
stmt_99baac19,donor_1a3d2741,Donald Roberts,2025,125,2026-01-05,2026-01-05,print
stmt_a40bc2f6,donor_fe326cc0,Matthew Perry,2025,850,2026-01-05,2026-01-06,print
stmt_3e95426d,donor_85bf62ae,Kenneth Perry,2025,175,2026-01-05,2026-01-16,email
stmt_f92b91b7,donor_f9f60640,Rebecca Scott,2025,1675,2026-01-05,,
stmt_715545ac,donor_cf822dd8,Timothy Diaz,2025,495,2026-01-05,2026-01-11,email
stmt_1b9cd1d4,donor_67960040,Donald Jackson,2025,745,2026-01-05,2026-01-12,print
stmt_6986c4e4,donor_ec5506cf,Michelle Jackson,2025,2125,2026-01-05,2026-01-15,email
stmt_ca6768ea,donor_8a7655ef,Barbara Stewart,2025,1550,2026-01-05,2026-01-10,print
stmt_8b439670,donor_b7484016,Heather Lee,2025,5300,2026-01-05,2026-01-10,print
stmt_46a70cb4,donor_3d913af7,Cynthia Miller,2025,825,2026-01-05,2026-01-17,email
stmt_aa180675,donor_5a0d6ee4,Scott Miller,2025,2450,2026-01-05,2026-01-06,print
stmt_9ec2614d,donor_3f5ad735,Christopher King,2025,615,2026-01-05,,
stmt_0758eb44,donor_963b78ef,Katherine King,2025,525,2026-01-05,2026-01-19,email
stmt_0f235336,donor_a3a99e65,Samuel Johnson,2025,745,2026-01-05,2026-01-13,email
stmt_1abd1723,donor_48fef691,Raymond Bell,2025,270,2026-01-05,2026-01-06,email
stmt_7a8434c4,donor_2bcd9033,Kathleen Bell,2025,570,2026-01-05,2026-01-05,print
stmt_ce5631ce,donor_05399ec0,Kenneth Bell,2025,545,2026-01-05,2026-01-07,email
stmt_699f18b2,donor_e4c4777f,Deborah Bell,2025,350,2026-01-05,,
stmt_cd010932,donor_843ce6ef,Nancy Cruz,2025,2945,2026-01-05,2026-01-06,email
stmt_187cd26d,donor_5f5656a9,Mark Cox,2025,250,2026-01-05,2026-01-14,email
stmt_b5e5fa29,donor_79cad7f6,Helen Thomas,2025,500,2026-01-05,2026-01-17,print
stmt_cd7bf834,donor_3871037e,Zachary Martin,2025,1375,2026-01-05,2026-01-09,email
stmt_80297922,donor_b304db1d,Benjamin Martin,2025,525,2026-01-05,,
stmt_0363e0f4,donor_bbfea5c7,Sharon Perez,2025,100,2026-01-05,2026-01-20,email
stmt_1118efb6,donor_34430781,Gregory Mitchell,2025,435,2026-01-05,,
stmt_01bbe59a,donor_67ded23c,Deborah Mitchell,2025,1380,2026-01-05,2026-01-16,email
stmt_ca43bfee,donor_a07a6127,Gary Murphy,2025,12300,2026-01-05,2026-01-20,print
stmt_07e24a83,donor_8b1ff53f,Diane Williams,2025,1340,2026-01-05,2026-01-17,email
stmt_d4d057dd,donor_28aa3ee3,Raymond Williams,2025,90,2026-01-05,,
stmt_90c5658a,donor_a009560d,Debra Thomas,2025,400,2026-01-05,2026-01-08,email
stmt_abfdcd90,donor_2d58fa2f,Betty Wilson,2025,1425,2026-01-05,2026-01-08,print
stmt_01edf04a,donor_4699f8da,James Garcia,2025,500,2026-01-05,2026-01-13,email
stmt_2517dcad,donor_179d4c65,Barbara Garcia,2025,375,2026-01-05,,
stmt_ffa86a32,donor_12b2187b,Daniel Nguyen,2025,6700,2026-01-05,,
stmt_71fd36f6,donor_a5532186,Helen Moore,2025,950,2026-01-05,2026-01-14,email
stmt_4c274876,donor_e41a6f4c,Stephanie Moore,2025,170,2026-01-05,2026-01-07,print
stmt_ca72a1bb,donor_81076af7,Emma Morales,2025,370,2026-01-05,2026-01-10,email
stmt_3c22624b,donor_1c9af3cd,Brandon Morales,2025,1675,2026-01-05,2026-01-15,print
stmt_f87ca5a1,donor_35e4344a,Gregory Rodriguez,2025,1225,2026-01-05,2026-01-10,print
stmt_98a13e30,donor_66147e8c,Raymond Morales,2025,1900,2026-01-05,2026-01-14,email
stmt_2bc8fe7f,donor_2e1880f6,Donald Rogers,2025,425,2026-01-05,,
stmt_60ffb590,donor_319c9656,Barbara Walker,2025,365,2026-01-05,,
stmt_7e0878d9,donor_9634c2eb,Joshua Jones,2025,1025,2026-01-05,,
stmt_4b19d88d,donor_77004dab,Maria Nelson,2025,700,2026-01-05,2026-01-19,email
stmt_d275ab3f,donor_f41caa01,Patrick Garcia,2025,250,2026-01-05,,
stmt_d424f097,donor_15383832,Samantha Harris,2025,805,2026-01-05,2026-01-06,print
stmt_62fd9161,donor_73f52899,Sharon Cooper,2025,200,2026-01-05,2026-01-17,email
stmt_3673671c,donor_79f695e9,Janet Cooper,2025,2325,2026-01-05,2026-01-09,email
stmt_afc1be00,donor_2c6733dc,Laura Parker,2025,200,2026-01-05,2026-01-12,print
stmt_1597f18a,donor_1faa1c28,Donna Sullivan,2025,600,2026-01-05,2026-01-16,print
stmt_4383a66c,donor_1a7bafb1,Christine Butler,2025,1000,2026-01-05,2026-01-07,email
stmt_fc99cdc7,donor_10253a2d,Dennis Carter,2025,1895,2026-01-05,,
stmt_ccc5f594,donor_6d967645,Anthony Carter,2025,7700,2026-01-05,,
stmt_adfa0a6c,donor_0489faba,Frank Cox,2025,1120,2026-01-05,2026-01-20,email
stmt_f3ea0b03,donor_7d5b1b4a,Jack Sanchez,2025,440,2026-01-05,2026-01-13,email
stmt_1e77c766,donor_5089b7bf,Brenda Thompson,2025,1150,2026-01-05,,
stmt_0cee0112,donor_ec5e9f65,Jennifer Thompson,2025,1200,2026-01-05,,
stmt_0c8b32e6,donor_039f0f10,Lisa Richardson,2025,1300,2026-01-05,2026-01-14,email
stmt_7437eed6,donor_f9e2926a,Dennis Ramirez,2025,340,2026-01-05,2026-01-06,email
stmt_08ab2565,donor_72194c35,Donald Ramirez,2025,300,2026-01-05,2026-01-06,print
stmt_de5827c2,donor_f50d8fba,Patricia Anderson,2025,275,2026-01-05,2026-01-12,email
stmt_ec95b56e,donor_7b1e1a37,Donna Anderson,2025,875,2026-01-05,,
stmt_684f37ab,donor_16c4b7ab,Heather Barnes,2025,175,2026-01-05,2026-01-20,email
stmt_0667aeb0,donor_9911744e,Robert Martinez,2025,950,2026-01-05,2026-01-19,email
stmt_a21a50f2,donor_c518245a,John Evans,2025,275,2026-01-05,2026-01-07,email
stmt_15f43a7e,donor_aa2ee2bc,Debra Martinez,2025,2425,2026-01-05,,
stmt_5fc5b51d,donor_2951ccaf,Anthony Smith,2025,675,2026-01-05,,
stmt_74133b63,donor_a793d174,Christopher Smith,2025,595,2026-01-05,2026-01-15,email
stmt_c92b5576,donor_fd9c1dfb,Elizabeth Diaz,2025,1200,2026-01-05,2026-01-15,email
stmt_5277d500,donor_60f775a1,William Rivera,2025,945,2026-01-05,2026-01-14,email
stmt_ca2a6c69,donor_73ee7d72,Kenneth Martin,2025,475,2026-01-05,2026-01-18,print
stmt_b4648d4c,donor_43debf25,Susan Cook,2025,1550,2026-01-05,2026-01-10,email
stmt_be196ecb,donor_a56902b7,Patricia Reyes,2025,925,2026-01-05,2026-01-15,print
stmt_0434ab1c,donor_2d5ba79d,Zachary Howard,2025,830,2026-01-05,2026-01-06,email
stmt_ced64418,donor_7c5ce151,Laura Campbell,2025,510,2026-01-05,,
stmt_fab10e0c,donor_1b720472,Mark Campbell,2025,6290,2026-01-05,2026-01-15,email
stmt_747a9faa,donor_f0e10d7b,Jennifer Clark,2025,1550,2026-01-05,2026-01-07,email
stmt_63a088d0,donor_05ec2afc,Justin Clark,2025,375,2026-01-05,2026-01-05,email
stmt_81b4f3ea,donor_98ce2a80,Amanda Martinez,2025,5200,2026-01-05,2026-01-09,print
stmt_e870c9a8,donor_28e9492c,Lisa Robinson,2025,1225,2026-01-05,,
stmt_936d6b70,donor_a039059e,Adam Morgan,2025,1875,2026-01-05,,
stmt_0717a171,donor_a98017c5,Lisa Garcia,2025,2350,2026-01-05,2026-01-13,email
stmt_2d600d69,donor_e8adba4c,Mark Ramirez,2025,940,2026-01-05,2026-01-19,email
stmt_9283d8e3,donor_13d68721,Sandra Russell,2025,270,2026-01-05,2026-01-07,email
stmt_f1aae082,donor_99d4e2f1,Julie Russell,2025,850,2026-01-05,2026-01-16,email
stmt_dd21562d,donor_ac044452,Kelly Kelly,2025,1000,2026-01-05,,
stmt_6c79ce98,donor_cb8c9931,Aaron Edwards,2025,1425,2026-01-05,2026-01-18,email
stmt_5421cb53,donor_b3f1c3d6,Steven Robinson,2025,975,2026-01-05,,
stmt_ad4bb98e,donor_150930d3,Karen Price,2025,425,2026-01-05,2026-01-05,email
stmt_311dfe76,donor_039fec3e,Brandon Price,2025,225,2026-01-05,,
stmt_48c43e44,donor_67be8e86,Heather Cox,2025,520,2026-01-05,2026-01-15,email
stmt_65fe5ee9,donor_1719c2b8,Richard Cox,2025,875,2026-01-05,2026-01-15,email
stmt_0054fabb,donor_3838441b,Scott Cruz,2025,525,2026-01-05,,
stmt_218de718,donor_e3f02921,Patrick Cruz,2025,770,2026-01-05,,
stmt_259181b6,donor_51cdaea9,Betty Brooks,2025,1720,2026-01-05,,
stmt_1986e815,donor_167cd6ca,James Gray,2025,875,2026-01-05,,
stmt_9a11bdee,donor_c1310150,Patrick Bell,2025,2370,2026-01-05,,
stmt_c945b6f8,donor_a94a7974,Susan Phillips,2025,285,2026-01-05,2026-01-08,email
stmt_2fdcbe6b,donor_31f1dcd8,Jerry Richardson,2025,2085,2026-01-05,2026-01-08,email
stmt_ed00ec99,donor_848cdab6,Amanda Rodriguez,2025,1850,2026-01-05,2026-01-11,email
stmt_7c5bd733,donor_a8421bbd,Gregory Rodriguez,2025,400,2026-01-05,2026-01-17,email
stmt_a2d05e76,donor_fb771289,Betty Ramirez,2025,270,2026-01-05,2026-01-06,email
stmt_1aae8fbf,donor_d6ee1c54,Olivia Ramirez,2025,2530,2026-01-05,2026-01-16,email
stmt_6b83baa8,donor_0f2b037a,Amy Butler,2025,1350,2026-01-05,,
stmt_b4883d70,donor_56feb558,Anna Lewis,2025,110,2026-01-05,2026-01-19,email
stmt_238c96c5,donor_089693f6,Ryan Lewis,2025,210,2026-01-05,,
stmt_85772665,donor_9672addd,Kimberly Adams,2025,500,2026-01-05,,
stmt_ddbddb1a,donor_c16b4a34,Lisa Parker,2025,1570,2026-01-05,,
stmt_6ad096ec,donor_1bf41dcc,Mary Carter,2025,600,2026-01-05,2026-01-20,email
stmt_42590df4,donor_30025d15,Linda Cox,2025,1185,2026-01-05,,
stmt_aa87a75d,donor_aba2df6c,George Cox,2025,1150,2026-01-05,2026-01-09,email
stmt_1eb85620,donor_9488b01d,Jonathan Foster,2025,1250,2026-01-05,2026-01-11,email
stmt_94b638f7,donor_12b76f18,Victoria Foster,2025,220,2026-01-05,2026-01-06,email
stmt_77335380,donor_bda282ed,Peter Cruz,2025,1110,2026-01-05,,
stmt_9a331af8,donor_7b6a4266,Emma Bennett,2025,1725,2026-01-05,2026-01-18,email
stmt_d69ef520,donor_f0c13c8e,Richard Gutierrez,2025,400,2026-01-05,2026-01-12,email
stmt_88d763bf,donor_114c6daa,Ashley James,2025,2210,2026-01-05,,
stmt_15471bea,donor_f23afa6f,Robert James,2025,120,2026-01-05,,
stmt_73a3f700,donor_7ca88dae,Catherine Moore,2025,1450,2026-01-05,2026-01-07,email
stmt_d4e9ffda,donor_ae211a83,Karen Lopez,2025,775,2026-01-05,2026-01-15,email
stmt_21f743ce,donor_58fe84c7,Donna Peterson,2025,640,2026-01-05,2026-01-05,email
stmt_b3134159,donor_188847aa,Ronald Peterson,2025,160,2026-01-05,2026-01-09,email
stmt_988dd0b7,donor_2380315a,Matthew Walker,2025,865,2026-01-05,,
stmt_63256638,donor_24873d67,Michael James,2025,545,2026-01-05,,
stmt_0edb3e3a,donor_48c7cb88,Janet James,2025,775,2026-01-05,2026-01-17,email
stmt_13521ad7,donor_544b3158,Robert Flores,2025,10095,2026-01-05,2026-01-20,print
stmt_3bba47f3,donor_d73f04b9,Elizabeth Flores,2025,275,2026-01-05,,
stmt_d5d6a109,donor_874f6c8f,Robert Barnes,2025,2880,2026-01-05,2026-01-07,email
stmt_6ffce9ed,donor_d23ce3b6,Deborah Barnes,2025,1310,2026-01-05,2026-01-15,print
stmt_7ce4ff0e,donor_af9eec7f,Betty Ward,2025,275,2026-01-05,2026-01-11,email
stmt_3766406f,donor_5eca45d7,Ashley Perez,2025,350,2026-01-05,2026-01-14,print
stmt_4fc66a64,donor_341922ae,Ashley Perez,2025,800,2026-01-05,,
stmt_74fb261d,donor_fffd29cf,Sandra Hughes,2025,1595,2026-01-05,,
stmt_e52223f3,donor_4cc752d0,Amanda Hughes,2025,220,2026-01-05,2026-01-14,email
stmt_e616a840,donor_1866a4b7,Brian Howard,2025,850,2026-01-05,2026-01-16,email
stmt_73be0814,donor_2d91fee0,Heather Nguyen,2025,115,2026-01-05,2026-01-08,email
stmt_1fd9371e,donor_39a3ab71,Dorothy Nguyen,2025,2800,2026-01-05,2026-01-06,email
stmt_5df58f68,donor_bee556d3,Joseph Martin,2025,1185,2026-01-05,2026-01-11,email
stmt_e9a098c0,donor_e90a9bc4,Deborah Harris,2025,925,2026-01-05,2026-01-17,email
stmt_1e09e1a2,donor_27ad9d76,Nicole Harris,2025,620,2026-01-05,,
stmt_338c5fed,donor_f9d7edcf,Victoria Cruz,2025,3850,2026-01-05,2026-01-08,email
stmt_c768641e,donor_7b72a16d,Patrick Hill,2025,50,2026-01-05,2026-01-16,email
stmt_fc118ebf,donor_a8d80cf2,Ryan Cox,2025,125,2026-01-05,2026-01-19,email
stmt_4e7cd823,donor_2d644da4,Amanda Myers,2025,300,2026-01-05,2026-01-05,email
stmt_19403342,donor_af707c10,George Diaz,2025,825,2026-01-05,2026-01-20,print
stmt_34db435e,donor_08f95dff,Margaret Bell,2025,625,2026-01-05,2026-01-18,print
stmt_d100138e,donor_4c2bddaf,Victoria Murphy,2025,1060,2026-01-05,,
stmt_d0068ead,donor_e3c78013,Janet Murphy,2025,1570,2026-01-05,2026-01-14,email
stmt_52d82c6c,donor_6cb2d1dd,Linda Hill,2025,415,2026-01-05,2026-01-06,email
stmt_906cf06b,donor_d265b531,Jennifer Bennett,2025,1300,2026-01-05,2026-01-09,print
stmt_7a8d1559,donor_98b7d53d,Barbara Ortiz,2025,1100,2026-01-05,2026-01-10,email
stmt_f5d3ea40,donor_18f7493a,Jacob Ortiz,2025,450,2026-01-05,,
stmt_1b56108f,donor_a337ffa3,Gary Collins,2025,400,2026-01-05,2026-01-16,email
stmt_53c24ee8,donor_8e35f4e1,Elizabeth Collins,2025,720,2026-01-05,2026-01-19,email
stmt_baef7e9d,donor_97e57841,Brian Evans,2025,890,2026-01-05,,
stmt_ad7f1978,donor_36d40cb0,Helen Evans,2025,325,2026-01-05,2026-01-14,email
stmt_e1353c0a,donor_49b221a6,Helen Ortiz,2025,700,2026-01-05,2026-01-07,email
stmt_84fd671a,donor_e7d8b997,John Ortiz,2025,1350,2026-01-05,2026-01-15,print
stmt_e4eebe99,donor_17df5c30,Christine Ward,2025,575,2026-01-05,,
stmt_2f486b8d,donor_8650f237,Mary Morales,2025,900,2026-01-05,2026-01-12,email
stmt_0f1ec78b,donor_d75bd7fa,Sandra Morales,2025,1440,2026-01-05,,
stmt_70120918,donor_95a0dff5,Kyle Sanchez,2025,460,2026-01-05,2026-01-14,email
stmt_3f456c6b,donor_0b1e6867,Amanda Sanchez,2025,605,2026-01-05,2026-01-20,email
stmt_1bd3d912,donor_9b83c799,Ronald Brown,2025,2870,2026-01-05,2026-01-06,print
stmt_1b828cc7,donor_25055956,Laura Richardson,2025,1275,2026-01-05,2026-01-15,email
stmt_0f392fda,donor_9094572a,Larry Flores,2025,750,2026-01-05,2026-01-10,print
stmt_4ea1a05a,donor_448dfc1d,Jeffrey Jackson,2025,425,2026-01-05,,
stmt_55547049,donor_6b9c3496,Lisa Jackson,2025,4350,2026-01-05,2026-01-12,email
stmt_13f618de,donor_38592d19,Paul Harris,2025,245,2026-01-05,,
stmt_c68a8fbd,donor_051adf1b,Henry Harris,2025,770,2026-01-05,2026-01-07,email
stmt_428f6b71,donor_7a61fbab,Catherine Bennett,2025,335,2026-01-05,2026-01-18,email
stmt_27358aef,donor_b8cd3fe2,Jennifer Garcia,2025,1085,2026-01-05,,
stmt_d38a1880,donor_fc0eaadd,Brandon Fisher,2025,1110,2026-01-05,2026-01-16,email
stmt_61b567fe,donor_70c5e817,Timothy Anderson,2025,470,2026-01-05,2026-01-14,email
stmt_5226fa58,donor_9789ed60,Laura Adams,2025,445,2026-01-05,,
stmt_fd085e6a,donor_8b62598d,Stephen Adams,2025,1155,2026-01-05,,
stmt_d8823fab,donor_ba0de82f,Janet Jackson,2025,525,2026-01-05,2026-01-14,email
stmt_1b9c9ca5,donor_204f400e,Helen Jackson,2025,650,2026-01-05,,
stmt_972669da,donor_39e86c76,Jacob Bennett,2025,1595,2026-01-05,2026-01-18,email
stmt_05eceaa6,donor_c4f057c4,Katherine Reyes,2025,320,2026-01-05,2026-01-09,print
stmt_238b6910,donor_46b02e72,Lauren Reyes,2025,1900,2026-01-05,,
stmt_20bce502,donor_af5eda10,Robert Ross,2025,1850,2026-01-05,2026-01-19,email
stmt_a62ac16c,donor_62c4db68,Henry Rodriguez,2025,895,2026-01-05,2026-01-12,email
stmt_cd1f1591,donor_97073d62,Nathan Ortiz,2025,525,2026-01-05,2026-01-09,email
stmt_53092a48,donor_28d55c5b,Eric Ortiz,2025,365,2026-01-05,2026-01-07,email
stmt_38ef35f3,donor_b13e8c5c,Diane Harris,2025,295,2026-01-05,2026-01-08,email
stmt_63e9e4fd,donor_b4cdfd92,Steven Cruz,2025,700,2026-01-05,2026-01-11,print
stmt_1cd2e97a,donor_f455a872,Joseph Cruz,2025,1120,2026-01-05,,
stmt_1281b4d5,donor_a7be8f24,Robert Harris,2025,475,2026-01-05,2026-01-20,email
stmt_f46a3cc1,donor_55e04808,John Davis,2025,710,2026-01-05,,
stmt_f66e148d,donor_4ebb66cf,Joseph Carter,2025,845,2026-01-05,,
stmt_854dc07b,donor_ada91c1f,Amy Carter,2025,150,2026-01-05,2026-01-09,email
stmt_7208de18,donor_6df62e13,Patricia Mitchell,2025,1000,2026-01-05,,
stmt_4e801120,donor_aa5cfa42,Michelle Mitchell,2025,350,2026-01-05,,
stmt_0d257e47,donor_98251544,Christina Murphy,2025,950,2026-01-05,2026-01-10,print
stmt_0c4b2a1d,donor_f976b9cb,Zachary Myers,2025,1050,2026-01-05,,
stmt_6db5b628,donor_d864c070,Helen Wright,2025,475,2026-01-05,,
stmt_ea47ec4d,donor_49593a29,Michelle Powell,2025,335,2026-01-05,2026-01-20,email
stmt_5deefef5,donor_52461967,Kelly Powell,2025,150,2026-01-05,2026-01-16,email
stmt_9d029889,donor_71ae35ed,Jose Powell,2025,1025,2026-01-05,2026-01-07,email
stmt_dd055d1c,donor_cef6e560,Barbara Powell,2025,495,2026-01-05,,
stmt_7d82eb39,donor_b147843e,Lisa Lewis,2025,2125,2026-01-05,2026-01-18,print
stmt_90b112a1,donor_163140c7,Brian Hall,2025,2915,2026-01-05,2026-01-14,email
stmt_1455fa78,donor_fb1133ee,Timothy Martinez,2025,625,2026-01-05,2026-01-05,print
stmt_4acdd265,donor_000807c6,Frank Ross,2025,720,2026-01-05,,
stmt_a1ed61ef,donor_eb468988,Dorothy Ross,2025,300,2026-01-05,2026-01-19,email
stmt_2ed97498,donor_6e0aed4b,Linda Sanders,2025,700,2026-01-05,2026-01-19,print
stmt_5ed7c013,donor_df1c23dd,Anthony Nguyen,2025,2535,2026-01-05,2026-01-17,email
stmt_50cce195,donor_357a843b,Thomas Wood,2025,1450,2026-01-05,,
stmt_cdfe2ba5,donor_ce500a96,Ronald Torres,2025,525,2026-01-05,2026-01-18,email
stmt_3f9b310d,donor_68fc4ee3,Raymond Torres,2025,420,2026-01-05,2026-01-16,email
stmt_6a8a25c4,donor_d2013058,Samuel Martin,2025,320,2026-01-05,2026-01-11,email
stmt_3a22adac,donor_00f4971f,Ryan Parker,2025,2925,2026-01-05,2026-01-07,email
stmt_f3dafd5f,donor_a360d868,Kyle Smith,2025,100,2026-01-05,2026-01-11,email
stmt_a9e52f89,donor_0a238cf4,Eric Morgan,2025,645,2026-01-05,2026-01-13,email
stmt_d9da7b71,donor_35d88e50,Debra Morgan,2025,625,2026-01-05,2026-01-20,email
stmt_c71760ac,donor_8eb63265,Janet Johnson,2025,820,2026-01-05,2026-01-13,print
stmt_6c4ec61d,donor_cab58d69,Pamela Diaz,2025,575,2026-01-05,2026-01-09,email
stmt_110af7b3,donor_ad2d6ceb,Emily Martinez,2025,350,2026-01-05,2026-01-09,email
stmt_e129acd9,donor_9b2ae7c1,Raymond Martinez,2025,1250,2026-01-05,2026-01-10,email
stmt_f9d7055a,donor_74ed3897,Christina Gomez,2025,1100,2026-01-05,2026-01-13,email
stmt_0d8b2444,donor_49f10261,Patrick Gomez,2025,3095,2026-01-05,2026-01-14,print
stmt_5178c582,donor_b5c56494,Joshua Anderson,2025,3195,2026-01-05,2026-01-20,email
stmt_06a9fff7,donor_5edf0156,Gregory Jackson,2025,220,2026-01-05,,
stmt_75d0f1de,donor_c4e40745,Richard Collins,2025,1200,2026-01-05,2026-01-14,email
stmt_43a54c6f,donor_6482be05,Mary Foster,2025,3650,2026-01-05,2026-01-08,email
stmt_db0e81f4,donor_0def9d38,Helen Russell,2025,375,2026-01-05,,
stmt_fd97a5c3,donor_ae9dd148,Barbara Russell,2025,720,2026-01-05,,
stmt_58a5f038,donor_2abf4aee,Kelly Cook,2025,175,2026-01-05,,
stmt_3344783d,donor_c82e2db5,Edward Cook,2025,900,2026-01-05,2026-01-06,email
stmt_7b5f27b1,donor_4cc63fa8,Anna Sanchez,2025,570,2026-01-05,2026-01-05,email
stmt_e85754f5,donor_15fc6338,Robert Sanchez,2025,275,2026-01-05,,
stmt_36e3bd57,donor_6b96ba4f,Rachel Cruz,2025,495,2026-01-05,2026-01-19,email
stmt_03712183,donor_a80584e1,Kathleen Cruz,2025,100,2026-01-05,2026-01-09,email
stmt_0c6bab2d,donor_17ab0c61,Amanda Fisher,2025,445,2026-01-05,,
stmt_cc8db948,donor_e0d09c9e,Deborah Murphy,2025,60,2026-01-05,2026-01-13,print
stmt_70d15d8e,donor_6a4c42d6,Gary Murphy,2025,975,2026-01-05,,
stmt_fdf0e0ba,donor_8006b2dc,Anna Watson,2025,250,2026-01-05,2026-01-06,email
stmt_bb3bc48a,donor_f31ceafc,Carol Watson,2025,1200,2026-01-05,2026-01-13,email
stmt_5e2b2818,donor_e6868668,Jack Foster,2025,585,2026-01-05,2026-01-10,email
stmt_43960bde,donor_40380a4d,Nancy Reyes,2025,700,2026-01-05,2026-01-18,email
stmt_15244e44,donor_17ae8afb,William Reyes,2025,300,2026-01-05,2026-01-10,email
stmt_b9ee6fbb,donor_c4141f7c,Jessica Ramirez,2025,515,2026-01-05,2026-01-10,email
stmt_f8bc75bc,donor_63122a25,Ashley Ramirez,2025,600,2026-01-05,2026-01-16,email
stmt_bcc3c414,donor_3bcbc883,Kyle Williams,2025,1075,2026-01-05,,
stmt_2196ee13,donor_dcb77f21,Donald Clark,2025,845,2026-01-05,2026-01-11,email
stmt_f5426e90,donor_584e48d0,Donald Lopez,2025,500,2026-01-05,2026-01-13,email
stmt_46a3f835,donor_9e338489,Diane Reyes,2025,1270,2026-01-05,2026-01-11,email
stmt_bc88101b,donor_8f4a76c9,Ruth Torres,2025,2625,2026-01-05,,
stmt_c047b408,donor_29c85919,Emma Peterson,2025,925,2026-01-05,2026-01-20,print
stmt_0976636d,donor_8442fb96,Jacob Jenkins,2025,1545,2026-01-05,2026-01-10,email
stmt_6aae54c3,donor_9f73d023,Daniel Jenkins,2025,300,2026-01-05,2026-01-19,email
stmt_7f36b1f7,donor_d587ec5e,Linda Sanchez,2025,2095,2026-01-05,2026-01-13,email
stmt_2f702fae,donor_3a86d61c,Joyce Nguyen,2025,550,2026-01-05,,
stmt_5eaff220,donor_54dab217,Olivia Nguyen,2025,6345,2026-01-05,2026-01-16,email
stmt_2a93c872,donor_c8549104,Jennifer Lewis,2025,375,2026-01-05,,
stmt_342d40fd,donor_53fde171,Brenda Morales,2025,500,2026-01-05,2026-01-17,email
stmt_94ec983b,donor_e09388d4,Ryan Lopez,2025,1495,2026-01-05,2026-01-12,email
stmt_4aa01bc4,donor_38a18ad2,Virginia Lopez,2025,260,2026-01-05,,
stmt_b750677b,donor_61ed56d2,Jason Martinez,2025,3490,2026-01-05,2026-01-15,email
stmt_083ec177,donor_8069067d,Deborah Nelson,2025,140,2026-01-05,,
stmt_b8544b18,donor_16358c75,Joseph Fisher,2025,670,2026-01-05,,
stmt_065e60d2,donor_38b0341c,Brian Reed,2025,110,2026-01-05,2026-01-06,email
stmt_682d3e39,donor_068b084c,David Morris,2025,900,2026-01-05,,
stmt_8d1a49fa,donor_6712f505,Donna Cooper,2025,520,2026-01-05,2026-01-13,email
stmt_064de69c,donor_c7df3a8b,Aaron Williams,2025,600,2026-01-05,,
stmt_297ad115,donor_e4caa8dc,Zachary Long,2025,750,2026-01-05,2026-01-15,email
stmt_e4ef2ba9,donor_692788e5,Nancy Miller,2025,1920,2026-01-05,,
stmt_bfb88f98,donor_3f7959b8,Kimberly Anderson,2025,1250,2026-01-05,,
stmt_03e79600,donor_06ba5cc8,Laura Anderson,2025,1300,2026-01-05,,
stmt_d2b42cac,donor_4ad39c71,Jack Cooper,2025,650,2026-01-05,2026-01-07,email
stmt_ab4acb69,donor_4e730da1,Kelly Ortiz,2025,625,2026-01-05,,
stmt_6021cef7,donor_00f1840d,Mark Lopez,2025,475,2026-01-05,,
stmt_6dc9ed7b,donor_668df86d,Nicole Lopez,2025,1100,2026-01-05,,
stmt_75fdee1f,donor_3eebbe4a,Laura Mitchell,2025,400,2026-01-05,2026-01-07,email
stmt_928bb5dd,donor_6fa1efb1,Ruth Mitchell,2025,460,2026-01-05,2026-01-18,email
stmt_1fed7e5e,donor_e01ddfb0,Emma Hill,2025,650,2026-01-05,,
stmt_c36e16e0,donor_5aff5a8d,Alexander Hill,2025,550,2026-01-05,,
stmt_65bc1106,donor_da21d198,Jack Garcia,2025,1200,2026-01-05,,
stmt_fcf8f3f5,donor_4d5b8b43,Frank Long,2025,950,2026-01-05,2026-01-19,print
stmt_0d8c2ed6,donor_2d5f44e0,Justin Long,2025,1300,2026-01-05,2026-01-07,print
stmt_b46dee23,donor_2b11fa56,Kimberly Thomas,2025,740,2026-01-05,2026-01-08,email
stmt_f778986c,donor_233df8e2,Donna Wright,2025,1075,2026-01-05,2026-01-12,email
stmt_df6d52f7,donor_5f6cb95f,Anna Wright,2025,1600,2026-01-05,,
stmt_3e3d354d,donor_ae386f22,Andrew Wood,2025,575,2026-01-05,2026-01-15,email
stmt_3b6f511e,donor_6656423f,Nicholas Wood,2025,1450,2026-01-05,2026-01-08,email
stmt_224c490f,donor_c720f6ed,Jose Sullivan,2025,1045,2026-01-05,,
stmt_6df9ea83,donor_0e0cae2c,Jose Brooks,2025,895,2026-01-05,,
stmt_b121be66,donor_1ea28ad8,Kathleen Hernandez,2025,700,2026-01-05,2026-01-20,email
stmt_b1391961,donor_8e80d1f8,Brian Thomas,2025,625,2026-01-05,,
stmt_c82b0d49,donor_30ae2a17,Jose Fisher,2025,200,2026-01-05,2026-01-14,email
stmt_c38cbcf8,donor_6a26547c,George Russell,2025,890,2026-01-05,2026-01-12,email
stmt_1f574a2d,donor_49b5f5dd,Margaret Russell,2025,750,2026-01-05,2026-01-17,print
stmt_bba0e2ba,donor_aa4adc86,Jennifer Moore,2025,475,2026-01-05,2026-01-07,email
stmt_f3599578,donor_ed0ad4f2,Debra Moore,2025,75,2026-01-05,,
stmt_0b9da8c6,donor_d99b089b,Gregory Rogers,2025,270,2026-01-05,2026-01-17,email
stmt_8eafcd8a,donor_24c177e6,Betty Wilson,2025,500,2026-01-05,2026-01-12,email
stmt_9b8d2081,donor_2b60cb0f,Nicole Barnes,2025,720,2026-01-05,,
stmt_76d03a48,donor_241df43b,Michael Cooper,2025,520,2026-01-05,,
stmt_45083c0c,donor_b6ea203e,Karen Cooper,2025,545,2026-01-05,2026-01-18,email
stmt_78d4f29d,donor_c63fe618,Kimberly Cook,2025,2950,2026-01-05,2026-01-14,print
stmt_2371baf5,donor_60b88a39,Brenda Carter,2025,12370,2026-01-05,,
stmt_b83dc799,donor_760a003a,Debra Peterson,2025,5600,2026-01-05,2026-01-09,email
stmt_d3e8632f,donor_3f90b380,Linda Watson,2025,445,2026-01-05,2026-01-16,email
stmt_465df4d2,donor_88c696bb,Edward Watson,2025,225,2026-01-05,2026-01-11,email
stmt_7abbd9ee,donor_7fc5d524,Frank Young,2025,445,2026-01-05,2026-01-07,print
stmt_dc20d249,donor_1e10d62b,John Myers,2025,775,2026-01-05,2026-01-06,print
stmt_450d57db,donor_948c04c6,Pamela Myers,2025,1225,2026-01-05,,
stmt_5d61dda7,donor_3d4b4ac9,Betty Reed,2025,1845,2026-01-05,2026-01-09,email
stmt_a31be29d,donor_9bbc20a9,Joshua Reed,2025,370,2026-01-05,2026-01-09,email
stmt_63bfd75f,donor_78da231a,Anthony Wright,2025,275,2026-01-05,2026-01-17,print
stmt_de20aeca,donor_766b96dc,Maria Parker,2025,400,2026-01-05,2026-01-09,email
stmt_d975ed0b,donor_1170651d,Raymond Parker,2025,305,2026-01-05,,
stmt_d8f6e35d,donor_95d25381,Charles Ortiz,2025,565,2026-01-05,2026-01-07,email
stmt_e702dd61,donor_59210549,Scott Evans,2025,45,2026-01-05,,
stmt_4b24ded6,donor_bce481a9,Paul Cox,2025,400,2026-01-05,2026-01-14,email
stmt_6f10790e,donor_8d33b9ef,Joshua Peterson,2025,250,2026-01-05,2026-01-10,email
stmt_495c79d8,donor_fe32e4b6,Amy Richardson,2025,1220,2026-01-05,2026-01-09,email
stmt_277be7ee,donor_a85c98ae,Ruth Richardson,2025,660,2026-01-05,2026-01-12,email
stmt_082fbf13,donor_80269997,Gary Scott,2025,430,2026-01-05,2026-01-15,print
stmt_89fe33c4,donor_b942a7a3,Debra Scott,2025,170,2026-01-05,2026-01-20,email
stmt_8254b14a,donor_7066d04c,Deborah Williams,2025,175,2026-01-05,2026-01-16,email
stmt_833dd221,donor_24c0df2c,Anthony Turner,2025,300,2026-01-05,2026-01-20,print
stmt_6417cc12,donor_ef3e78ff,Emily Turner,2025,1860,2026-01-05,2026-01-05,email
stmt_e9fcf7d9,donor_5111db37,Rebecca Gonzalez,2025,535,2026-01-05,,
stmt_b8addd1c,donor_664df07e,Benjamin White,2025,605,2026-01-05,,
stmt_df35cda1,donor_af6a1e50,Jack Sanders,2025,295,2026-01-05,,
stmt_923b31cf,donor_6bce232d,John White,2025,3325,2026-01-05,2026-01-17,print
stmt_9f7f76cf,donor_91935879,Karen Perez,2025,320,2026-01-05,,
stmt_f077cbe9,donor_83734606,Matthew Murphy,2025,570,2026-01-05,2026-01-06,email
stmt_4dd5bb42,donor_b089b7a3,Charles Torres,2025,1090,2026-01-05,2026-01-08,email
stmt_170d9e4b,donor_3b00a849,Carolyn Rogers,2025,1420,2026-01-05,2026-01-16,email
stmt_8b7d7353,donor_3811d461,Michael Rogers,2025,525,2026-01-05,2026-01-11,email
stmt_7eeddd5c,donor_102f5a82,Thomas Reed,2025,825,2026-01-05,2026-01-09,email
stmt_c7d01404,donor_0fd36bb9,Amy Reed,2025,25,2026-01-05,2026-01-13,print
stmt_82609323,donor_96df7c64,Virginia King,2025,285,2026-01-05,,
stmt_9babbba2,donor_ff1b15ef,Joyce Collins,2025,625,2026-01-05,,
stmt_753ec987,donor_485e8c1e,Sharon Jones,2025,120,2026-01-05,2026-01-06,print
stmt_9ad5459a,donor_e01a7c59,Ryan Jones,2025,1600,2026-01-05,2026-01-09,email
stmt_5419d663,donor_e1b1cfca,Raymond White,2025,700,2026-01-05,2026-01-17,email
stmt_8109e89f,donor_e9c9ef07,Debra Young,2025,700,2026-01-05,2026-01-13,print
stmt_71cd023b,donor_595c0541,James Murphy,2025,600,2026-01-05,,
stmt_84d8f392,donor_95636728,Margaret Murphy,2025,11950,2026-01-05,2026-01-14,email
stmt_76690c83,donor_3d488618,Donald Bennett,2025,370,2026-01-05,2026-01-13,email
stmt_bc7d5a32,donor_3033fd91,Sharon Perry,2025,340,2026-01-05,2026-01-12,print
stmt_81c72bee,donor_3378241c,Adam Perry,2025,1200,2026-01-05,2026-01-05,email
stmt_b3955800,donor_5a8222a6,Lisa Brooks,2025,860,2026-01-05,2026-01-11,email
stmt_efb4aece,donor_62b0be4a,Samuel Brooks,2025,325,2026-01-05,2026-01-17,email
stmt_097b5db3,donor_9446fb7f,Thomas Cook,2025,50,2026-01-05,2026-01-07,print
stmt_bf8beac1,donor_93b0aa3e,Stephen Cook,2025,2175,2026-01-05,,
stmt_6df07ad2,donor_a8b72e4d,Jerry Cook,2025,795,2026-01-05,,
stmt_8a52f597,donor_f3e67d2b,Dennis Powell,2025,740,2026-01-05,2026-01-09,email
stmt_f7712766,donor_8f7e756d,David Powell,2025,1830,2026-01-05,,
stmt_fb8f1b01,donor_f2d40477,Stephanie Anderson,2025,175,2026-01-05,2026-01-07,email
stmt_540aa7b8,donor_28182299,Frank Anderson,2025,675,2026-01-05,,
stmt_f9062554,donor_22c6bec9,Katherine Anderson,2025,500,2026-01-05,,
stmt_45657899,donor_9d39e779,Charles Anderson,2025,250,2026-01-05,2026-01-15,email
stmt_855effb3,donor_9e4053b5,Donna Rogers,2025,615,2026-01-05,,
stmt_65642b29,donor_a483ea3b,Angela Cooper,2025,725,2026-01-05,,
stmt_bf9f8e82,donor_2a3e71c8,Samuel Richardson,2025,7350,2026-01-05,2026-01-19,email
stmt_621ccafa,donor_fbfa9caf,Rachel Richardson,2025,725,2026-01-05,,
stmt_2dc026db,donor_a32beb7b,Olivia Robinson,2025,820,2026-01-05,2026-01-18,email
stmt_0d4fda25,donor_62f603da,Diane Robinson,2025,1850,2026-01-05,2026-01-20,print
stmt_66a131f7,donor_6494a8f3,Richard Taylor,2025,2090,2026-01-05,2026-01-11,email
stmt_63125a40,donor_191045bb,Ruth King,2025,300,2026-01-05,2026-01-08,email
stmt_4ca89268,donor_765f4d69,Gary King,2025,75,2026-01-05,,
stmt_5135195e,donor_bfa42560,Olivia Bailey,2025,1195,2026-01-05,2026-01-11,print
stmt_b048a4fc,donor_d3eddc2d,Donna Perez,2025,320,2026-01-05,2026-01-11,email
stmt_6594ee1e,donor_7b8c982b,Jerry Moore,2025,600,2026-01-05,2026-01-16,print
stmt_665aaaba,donor_afe9b59c,Melissa Moore,2025,1620,2026-01-05,2026-01-13,email
stmt_9a3bc4d9,donor_9c32fbb4,Lauren Perry,2025,535,2026-01-05,,
stmt_9915f262,donor_b623751b,Jerry Perry,2025,610,2026-01-05,2026-01-14,email
stmt_1fed83e4,donor_1b4fffe3,Robert Barnes,2025,95,2026-01-05,2026-01-09,email
stmt_0d56f45c,donor_7f6d59ca,Kenneth Parker,2025,850,2026-01-05,,
stmt_2fef9a17,donor_f7964674,Joshua Clark,2025,740,2026-01-05,2026-01-15,email
stmt_55aa5276,donor_1727a45c,John Bailey,2025,325,2026-01-05,2026-01-06,email
stmt_227eb911,donor_4ae73738,Nicholas Bailey,2025,210,2026-01-05,,
stmt_a0820025,donor_e1020161,James Miller,2025,625,2026-01-05,2026-01-07,email
stmt_aef8a19e,donor_96808a00,Nathan Miller,2025,5775,2026-01-05,2026-01-17,email
stmt_fafbdd0f,donor_46a501bd,Matthew Bell,2025,655,2026-01-05,2026-01-12,email
stmt_d51c398a,donor_a9aafae0,Elizabeth Davis,2025,625,2026-01-05,2026-01-13,email
stmt_45d9a239,donor_5bf32a59,Virginia Davis,2025,2125,2026-01-05,2026-01-19,email
stmt_f1ebac24,donor_60eb3d56,Carolyn Parker,2025,2475,2026-01-05,,
stmt_c7533371,donor_f3ed0add,Joyce Gutierrez,2025,1860,2026-01-05,2026-01-17,print
stmt_50652894,donor_02caa29a,Diane Flores,2025,720,2026-01-05,,
stmt_2b43d019,donor_59d2f00a,Jose Flores,2025,1245,2026-01-05,2026-01-17,email
stmt_478dd204,donor_c4e75f59,Kelly Parker,2025,650,2026-01-05,2026-01-07,email
stmt_d26e4bb4,donor_c807a0f7,Helen Long,2025,245,2026-01-05,,
stmt_2646214e,donor_fb8b1e14,Pamela Stewart,2025,2375,2026-01-05,,
stmt_ec707196,donor_b8f16eff,Jacob James,2025,5200,2026-01-05,2026-01-08,email
stmt_fc893ab3,donor_82e25983,Ashley James,2025,2520,2026-01-05,2026-01-13,email
stmt_8ebe651e,donor_ae123262,Rebecca Garcia,2025,350,2026-01-05,2026-01-15,email
stmt_617ea88a,donor_9835b1f5,Michelle Torres,2025,725,2026-01-05,,
stmt_c0bda22b,donor_3ca98b18,Zachary Hill,2025,750,2026-01-05,,
stmt_2a18d9e0,donor_94038593,Cynthia Perry,2025,725,2026-01-05,2026-01-09,email
stmt_b3fa56b8,donor_5a586a5a,Thomas Watson,2025,500,2026-01-05,,
stmt_b5444878,donor_c8ab9ddc,Anna Watson,2025,5475,2026-01-05,2026-01-09,print
stmt_673cc30c,donor_55032963,Lauren Cook,2025,645,2026-01-05,2026-01-08,email
stmt_689947fe,donor_db656dc9,Andrew Cook,2025,465,2026-01-05,,
stmt_22d41123,donor_be222606,Brandon Thomas,2025,1010,2026-01-05,2026-01-16,print
stmt_93ca8c36,donor_e40665a3,Ashley Thomas,2025,2125,2026-01-05,,
stmt_f5eae85c,donor_32d7ed23,Mary Ross,2025,350,2026-01-05,2026-01-11,email
stmt_71c4c0bc,donor_7484da41,Jonathan Ross,2025,1985,2026-01-05,2026-01-20,email
stmt_f43c7b40,donor_b63914c3,Matthew Barnes,2025,775,2026-01-05,2026-01-06,email
stmt_8ce8128c,donor_951c5385,Matthew Barnes,2025,1200,2026-01-05,2026-01-14,print
stmt_4f9af38b,donor_62579bce,Nicole Campbell,2025,520,2026-01-05,,
stmt_930f1520,donor_fdc1ad70,William Ward,2025,550,2026-01-05,,
stmt_44cd2e5a,donor_cf161332,Debra Scott,2025,945,2026-01-05,2026-01-13,email
stmt_c88d305a,donor_458d1d3f,Jennifer Sanders,2025,1120,2026-01-05,,
stmt_f6d0918a,donor_e76ea3b3,James Sanders,2025,1020,2026-01-05,,
stmt_ae99e20e,donor_b2bbfa48,Michelle Edwards,2025,575,2026-01-05,,
stmt_f83fea8d,donor_c4274bb3,Michael Young,2025,600,2026-01-05,2026-01-20,email
stmt_8bdc483f,donor_b2d98527,Lauren Reyes,2025,1470,2026-01-05,2026-01-09,email
stmt_1786ab91,donor_0c058cb8,Brenda Reyes,2025,1075,2026-01-05,2026-01-11,email
stmt_b7d6f3b9,donor_c8e7af8a,Ryan Reyes,2025,2675,2026-01-05,2026-01-10,email
stmt_4134b5f6,donor_9f2c56cd,Matthew Foster,2025,630,2026-01-05,,
stmt_c9f6746b,donor_a53ce490,Jeffrey Allen,2025,120,2026-01-05,,
stmt_91cb4156,donor_06e03274,Charles Price,2025,70,2026-01-05,2026-01-06,email
stmt_0f4645c0,donor_3753a630,Adam Foster,2025,400,2026-01-05,2026-01-09,email
stmt_017a4aec,donor_b06bac3a,Kevin Baker,2025,625,2026-01-05,2026-01-05,email
stmt_6c3a6be0,donor_f95c3af8,Mark Murphy,2025,935,2026-01-05,2026-01-12,print
stmt_9fdf0b60,donor_61c2de2d,Ruth Murphy,2025,325,2026-01-05,2026-01-18,email
stmt_ea37d724,donor_194f9d6b,Jeffrey Rivera,2025,100,2026-01-05,2026-01-13,print
stmt_3f61c14b,donor_b3adf377,Andrew Rivera,2025,2950,2026-01-05,2026-01-16,print
stmt_bc7cf237,donor_ce989bda,Gregory Williams,2025,200,2026-01-05,2026-01-08,email
stmt_377b57f3,donor_24b74075,Donald Williams,2025,520,2026-01-05,2026-01-08,print
stmt_b37e6ec3,donor_38587cba,Jonathan Rodriguez,2025,150,2026-01-05,,
stmt_35f5f232,donor_1eeb5ab3,Ashley Watson,2025,200,2026-01-05,,
stmt_02cb81cb,donor_d53ed5fd,Douglas Rogers,2025,510,2026-01-05,2026-01-10,email
stmt_a8ad82b2,donor_d164951f,Stephanie Gomez,2025,995,2026-01-05,2026-01-07,email
stmt_c76734c0,donor_b0eeb5d0,Christopher Turner,2025,920,2026-01-05,2026-01-05,email
stmt_8d6c1fc2,donor_70d943e0,Angela Bell,2025,265,2026-01-05,,
stmt_1107e108,donor_b957a15b,Kenneth Bell,2025,1075,2026-01-05,2026-01-06,email
stmt_db717eb1,donor_e518b16d,Samuel Rivera,2025,270,2026-01-05,,
stmt_80603e48,donor_d753a50d,Catherine Sanchez,2025,2750,2026-01-05,2026-01-19,print
stmt_21374568,donor_fd4a8f85,Joyce Sanchez,2025,920,2026-01-05,2026-01-20,email
stmt_1221cfa1,donor_d70f1988,Jacob Hall,2025,1210,2026-01-05,2026-01-12,email
stmt_f17a8ab9,donor_3337d077,Jacob Hall,2025,2115,2026-01-05,2026-01-13,email
stmt_55fc51ec,donor_e15a96ab,Anthony Hernandez,2025,660,2026-01-05,2026-01-09,email
stmt_3fd96c8e,donor_d2b3cbc4,Jack Hernandez,2025,155,2026-01-05,2026-01-07,print
stmt_4fd3da26,donor_381ca811,Tyler Phillips,2025,350,2026-01-05,2026-01-08,print
stmt_77a6b405,donor_5a1ac2fc,Jacob Clark,2025,150,2026-01-05,2026-01-08,email
stmt_ac688a17,donor_153b1078,Betty Thompson,2025,325,2026-01-05,,
stmt_706128b6,donor_f03a353a,Henry Davis,2025,345,2026-01-05,2026-01-16,print
stmt_e1e2590a,donor_21786648,Catherine Davis,2025,160,2026-01-05,2026-01-05,print
stmt_ddeac247,donor_0359c428,Michelle Long,2025,1775,2026-01-05,2026-01-07,email
stmt_779d2007,donor_956ce5d1,Gary Phillips,2025,950,2026-01-05,,
stmt_0733fdaf,donor_4b7ba855,Daniel Sullivan,2025,725,2026-01-05,2026-01-15,email
stmt_15a24547,donor_dcc62d42,Donna Garcia,2025,2600,2026-01-05,2026-01-07,email
stmt_5ac27e15,donor_2d16aa0e,Melissa Garcia,2025,425,2026-01-05,2026-01-05,print
stmt_4f260243,donor_900c1960,Frank Clark,2025,845,2026-01-05,2026-01-08,email
stmt_79935158,donor_449b1088,Mary Clark,2025,450,2026-01-05,,
stmt_ae4e2ce5,donor_479c4eab,Jeffrey Rodriguez,2025,1275,2026-01-05,,
stmt_9eaf12d9,donor_7b96758b,Mary Thomas,2025,3650,2026-01-05,,
stmt_66c284c3,donor_8a22319b,Zachary Thomas,2025,400,2026-01-05,2026-01-14,email
stmt_33fba133,donor_2e040097,Scott Sullivan,2025,525,2026-01-05,2026-01-10,email
stmt_110e598e,donor_4d2ef15d,Christine Parker,2025,660,2026-01-05,2026-01-13,email
stmt_6a9e8b94,donor_c331d7f8,Susan Parker,2025,320,2026-01-05,2026-01-13,email
stmt_973628a1,donor_f5caf9f7,Dorothy Edwards,2025,250,2026-01-05,2026-01-17,email
stmt_2d6902a9,donor_019acf1f,Mark Edwards,2025,220,2026-01-05,,
stmt_c1b0781b,donor_dda872b0,Jonathan Evans,2025,195,2026-01-05,2026-01-18,email
stmt_979909da,donor_d6612779,Victoria Barnes,2025,375,2026-01-05,2026-01-19,email
stmt_31df13a6,donor_a7f3faf5,Sandra Cruz,2025,370,2026-01-05,2026-01-11,print
stmt_eeefe68a,donor_5ee88a87,Dennis Cruz,2025,1000,2026-01-05,2026-01-12,email
stmt_8ecd777a,donor_e154c234,Patrick Martin,2025,295,2026-01-05,2026-01-10,email
stmt_ffec8ee4,donor_3991f2de,Eric Martin,2025,375,2026-01-05,,
stmt_8d3d037d,donor_39f05467,Edward Clark,2025,505,2026-01-05,,
stmt_3eb41f28,donor_8db87929,Michael Clark,2025,11770,2026-01-05,2026-01-05,email
stmt_8375d5ad,donor_ba29b65a,Cynthia Clark,2025,1675,2026-01-05,2026-01-14,email
stmt_7496a71e,donor_5b859fb8,George Richardson,2025,1670,2026-01-05,2026-01-07,print
stmt_3e3bab1f,donor_9d25d830,Maria Richardson,2025,420,2026-01-05,2026-01-11,email
stmt_ce0a1236,donor_52985d08,Cynthia Hill,2025,1250,2026-01-05,2026-01-07,email
stmt_8cb5f1de,donor_3aacfb26,Henry Rogers,2025,300,2026-01-05,2026-01-16,email
stmt_53cb4b7f,donor_2bb24d7f,Deborah Rogers,2025,140,2026-01-05,,
stmt_102739ea,donor_1e264e51,Peter Diaz,2025,570,2026-01-05,2026-01-12,email
stmt_e83ebbc4,donor_73e4c106,Kyle Diaz,2025,5095,2026-01-05,,
stmt_ef61f14d,donor_4d1ff8d4,Debra Foster,2025,390,2026-01-05,2026-01-08,email
stmt_b95f75b9,donor_5f3956d2,Matthew Roberts,2025,525,2026-01-05,2026-01-08,print
stmt_28d3bc91,donor_f2f0fdf9,Dennis Myers,2025,440,2026-01-05,2026-01-05,email
stmt_9490825f,donor_c6d0a09d,Jose Wright,2025,950,2026-01-05,,
stmt_cc34f278,donor_1339d7b0,Betty Perez,2025,2625,2026-01-05,,
stmt_5b2b526d,donor_000389ae,Benjamin Gutierrez,2025,450,2026-01-05,2026-01-10,email
stmt_13a5d67f,donor_d15c4d28,Jessica Gutierrez,2025,840,2026-01-05,2026-01-17,email
stmt_555c1a46,donor_da054d3b,James Butler,2025,450,2026-01-05,2026-01-05,print
stmt_4af3f0e0,donor_3d823576,Jason Butler,2025,200,2026-01-05,2026-01-06,email
stmt_bee7f7a5,donor_8b496bbb,Virginia Davis,2025,420,2026-01-05,,
stmt_e7796f50,donor_6f2e0965,Emily Davis,2025,1050,2026-01-05,,
stmt_69e3294c,donor_0940eb0f,George Myers,2025,2935,2026-01-05,2026-01-13,print
stmt_1a868c90,donor_693303c0,Rachel Hernandez,2025,325,2026-01-05,,
stmt_7f0e5c51,donor_099b83a3,Adam Richardson,2025,620,2026-01-05,2026-01-19,email
stmt_57ccf9c9,donor_dcbe0904,Barbara Walker,2025,250,2026-01-05,2026-01-11,email
stmt_66f3aec9,donor_e0347f94,Patrick Allen,2025,2175,2026-01-05,2026-01-12,email
stmt_34603aed,donor_3f55f691,Edward Allen,2025,1375,2026-01-05,2026-01-14,email
stmt_ef50135c,donor_76e15ade,Emma Nguyen,2025,150,2026-01-05,2026-01-19,email
stmt_692e99c7,donor_11848a94,Edward Nguyen,2025,975,2026-01-05,2026-01-15,print
stmt_5f5da78a,donor_d985689b,Diane Roberts,2025,165,2026-01-05,2026-01-20,email
stmt_8c7a7807,donor_148ed6c5,Jonathan Roberts,2025,1000,2026-01-05,2026-01-08,email
stmt_852c1273,donor_d8703d5b,Nicholas Torres,2025,1120,2026-01-05,2026-01-14,print
stmt_2857e2e0,donor_2a4241eb,Donna Torres,2025,1300,2026-01-05,2026-01-09,email
stmt_4405792b,donor_8bcbdd78,Joshua Lewis,2025,325,2026-01-05,,
stmt_baa06f43,donor_8d6d0d79,Janet Rogers,2025,25,2026-01-05,,
stmt_050ec49f,donor_08f7c8b1,Pamela Wood,2025,860,2026-01-05,2026-01-12,email
stmt_3106c523,donor_ab005a2a,Jack Wood,2025,1150,2026-01-05,,
stmt_49f44f4d,donor_078d3fe4,Daniel Edwards,2025,1275,2026-01-05,,
stmt_dfa5a2fc,donor_687ebbdb,Ashley Edwards,2025,2270,2026-01-05,2026-01-18,email
stmt_229bd098,donor_0fdd2b27,Katherine Carter,2025,900,2026-01-05,2026-01-11,email
stmt_7d37bd52,donor_3358ff0d,Deborah Watson,2025,450,2026-01-05,2026-01-13,email
stmt_e09ef7f2,donor_042bfb7e,Dorothy Watson,2025,370,2026-01-05,2026-01-09,print
stmt_4a66731e,donor_5c8666d6,Carolyn Kelly,2025,825,2026-01-05,2026-01-14,email
stmt_8c80edf4,donor_dc63f376,James Kelly,2025,250,2026-01-05,2026-01-08,email
stmt_0be6aa34,donor_3967871a,Joshua Lopez,2025,525,2026-01-05,2026-01-19,email
stmt_40204786,donor_7a7cda2a,Gary Bell,2025,1950,2026-01-05,2026-01-06,email
stmt_7af57d7f,donor_ab183271,Joshua Myers,2025,345,2026-01-05,2026-01-19,email
stmt_5f61dea1,donor_2915a8d7,Edward Ortiz,2025,1075,2026-01-05,,
stmt_f438ee29,donor_c442ce20,Frank Ortiz,2025,200,2026-01-05,2026-01-10,email
stmt_f0b4fa86,donor_4613737d,Julie Morales,2025,925,2026-01-05,,
stmt_93b85112,donor_8265d79a,Debra Young,2025,375,2026-01-05,2026-01-10,email
stmt_d276de61,donor_bf3b76c3,Edward Lewis,2025,375,2026-01-05,2026-01-17,print
stmt_12c6c128,donor_57c96113,Shirley Lewis,2025,1000,2026-01-05,,
stmt_351a6a1c,donor_0020bcb9,Jack Perez,2025,250,2026-01-05,2026-01-06,email
stmt_4c29aa22,donor_658243c1,Jack Sanders,2025,170,2026-01-05,2026-01-17,print
stmt_8c255052,donor_fce4cf81,Alexander Sanders,2025,435,2026-01-05,,
stmt_8a018e13,donor_7292bffb,Jerry Edwards,2025,2200,2026-01-05,,
stmt_c939cf46,donor_88f55e3b,Pamela Edwards,2025,675,2026-01-05,2026-01-16,email
stmt_f9cd8b7b,donor_24f22305,Gregory Ortiz,2025,1950,2026-01-05,2026-01-12,email
stmt_2ead39e5,donor_010f6e6c,Jennifer Morales,2025,1390,2026-01-05,2026-01-05,email
stmt_4351f5df,donor_6355557c,Nancy Bailey,2025,1745,2026-01-05,2026-01-11,email
stmt_37db786b,donor_73d31c11,Kyle King,2025,250,2026-01-05,2026-01-18,print
stmt_4fef385a,donor_071fa637,James Gray,2025,300,2026-01-05,2026-01-20,email
stmt_94a6343d,donor_8da3fae9,Gary Gray,2025,4050,2026-01-05,2026-01-15,email
stmt_c4715d44,donor_d197b5e6,Melissa Smith,2025,200,2026-01-05,,
stmt_a20363c1,donor_581f6282,James Stewart,2025,1060,2026-01-05,,
stmt_a9c52c16,donor_e554c7df,Kathleen Gutierrez,2025,1925,2026-01-05,2026-01-20,email
stmt_1c18eead,donor_537e93f5,Dorothy Gutierrez,2025,2105,2026-01-05,2026-01-16,email
stmt_5f571feb,donor_6874516e,Mary Wilson,2025,435,2026-01-05,2026-01-10,email
stmt_8634b18f,donor_a5fa73ae,Sharon Wilson,2025,860,2026-01-05,,
stmt_3e414d8b,donor_dfafe3f6,Kimberly Martin,2025,225,2026-01-05,,
stmt_23bac325,donor_6c70776a,Rachel Martin,2025,95,2026-01-05,,
stmt_98615b35,donor_32f94d83,Charles Taylor,2025,600,2026-01-05,2026-01-18,email
stmt_e2a5cd5b,donor_bde83a5c,Michelle Taylor,2025,620,2026-01-05,2026-01-18,email
stmt_8229f0a1,donor_f2191096,Emily Edwards,2025,300,2026-01-05,2026-01-12,email
stmt_bb685817,donor_605bb2c4,James Edwards,2025,600,2026-01-05,2026-01-20,print
stmt_7df51514,donor_a5648a64,Kevin Gonzalez,2025,620,2026-01-05,2026-01-07,email
stmt_2226270a,donor_b34d71fb,Deborah Campbell,2025,1090,2026-01-05,,
stmt_2f818a31,donor_7bdca8ee,Joshua Morris,2025,1535,2026-01-05,2026-01-13,email
stmt_0798e137,donor_d24af6a1,Rebecca Morris,2025,340,2026-01-05,,
stmt_4ce60e55,donor_0bb29351,Christina Thomas,2025,700,2026-01-05,2026-01-05,email
stmt_f8e93b80,donor_1f40e29a,Jonathan Diaz,2025,1850,2026-01-05,2026-01-20,email
stmt_0f592766,donor_acf78bc2,Stephanie Diaz,2025,605,2026-01-05,,
stmt_82f4b11d,donor_0d5ac1f0,Joyce Johnson,2025,45,2026-01-05,2026-01-17,print
stmt_adf1a8ec,donor_d1ba2003,Virginia Nguyen,2025,845,2026-01-05,2026-01-18,email
stmt_102a06d0,donor_c151b90e,Sarah Mitchell,2025,160,2026-01-05,2026-01-13,email
stmt_8bbd6c34,donor_fe60132c,Virginia Scott,2025,550,2026-01-05,2026-01-05,print
stmt_42d14623,donor_d595a0d8,Jose Scott,2025,625,2026-01-05,2026-01-16,email
stmt_78571708,donor_f2539ae5,Amy Robinson,2025,570,2026-01-05,2026-01-18,email
stmt_5853ca13,donor_25d115bc,Samuel Robinson,2025,560,2026-01-05,2026-01-09,email
stmt_3e5bc263,donor_8238e9ae,Richard Martinez,2025,805,2026-01-05,2026-01-16,email
stmt_ab52892a,donor_4e4c6b1d,John Martinez,2025,350,2026-01-05,2026-01-19,email
stmt_3286db6a,donor_ea10b7ea,Jose Reyes,2025,450,2026-01-05,,
stmt_2f981eef,donor_11b90df1,Jose Reyes,2025,4070,2026-01-05,2026-01-08,email
stmt_71fab3ec,donor_789fd41b,Donna Wright,2025,1170,2026-01-05,2026-01-05,email
stmt_44f0d321,donor_7bb3a32a,Carolyn Rivera,2025,2050,2026-01-05,,
stmt_aa6a2e21,donor_558fe229,Amanda Rivera,2025,225,2026-01-05,2026-01-15,email
stmt_86d463cf,donor_fc696598,Gregory Thompson,2025,450,2026-01-05,2026-01-12,email
stmt_a97f6ee9,donor_5669cd91,Christina Cooper,2025,4875,2026-01-05,,
stmt_550ba370,donor_61a1d4b4,Jose Cooper,2025,1800,2026-01-05,2026-01-20,email
stmt_366e89d7,donor_68889ed6,Jason Taylor,2025,1645,2026-01-05,2026-01-11,print
stmt_7e3d8f69,donor_b3804855,Rebecca Taylor,2025,1125,2026-01-05,2026-01-19,email
stmt_5a4b0069,donor_27dc62e4,Heather Roberts,2025,375,2026-01-05,2026-01-16,email
stmt_6388dfff,donor_a666bc0a,Joseph Williams,2025,695,2026-01-05,2026-01-10,email
stmt_9a4e7617,donor_caf3f18f,Charles Lewis,2025,300,2026-01-05,2026-01-14,email
stmt_901d35b1,donor_d525d409,Raymond Lewis,2025,2600,2026-01-05,2026-01-09,email
stmt_e0f09ed6,donor_c750b480,Jose Hernandez,2025,1715,2026-01-05,2026-01-05,email
stmt_a66e8f72,donor_c5c48a6e,Jacob Hernandez,2025,555,2026-01-05,,
stmt_ee937798,donor_59ca1d2d,Christopher Martin,2025,400,2026-01-05,2026-01-17,email
stmt_bba2f248,donor_de2d29dc,Michelle Martin,2025,400,2026-01-05,2026-01-07,email
stmt_8615e27a,donor_2dd9868d,Lisa Taylor,2025,400,2026-01-05,2026-01-12,email
stmt_194a5470,donor_ff1b2084,Julie Taylor,2025,100,2026-01-05,2026-01-15,email
stmt_0564f614,donor_7ddb23f0,Donald Wilson,2025,550,2026-01-05,2026-01-15,print
stmt_6b72a3a3,donor_9f02ec61,Matthew Wilson,2025,445,2026-01-05,2026-01-07,email
stmt_737d698b,donor_99c59025,Michelle Morgan,2025,125,2026-01-05,,
stmt_dfe6c1d3,donor_212475b7,Zachary Russell,2025,600,2026-01-05,2026-01-11,email
stmt_76a1bd16,donor_a8b28c0d,David Jones,2025,3420,2026-01-05,,
stmt_71b8a043,donor_30c69fb7,George Lee,2025,845,2026-01-05,,
stmt_a6274500,donor_45dc2c9b,Virginia Diaz,2025,300,2026-01-05,2026-01-19,email
stmt_c4061f04,donor_7ecd8d61,Alexander Scott,2025,200,2026-01-05,2026-01-07,email
stmt_68811769,donor_a6493463,Larry Scott,2025,150,2026-01-05,,
stmt_657c09a9,donor_86a25813,Nicholas Bailey,2025,600,2026-01-05,2026-01-19,email
stmt_4ce963a5,donor_f119b312,Joyce Wilson,2025,575,2026-01-05,2026-01-11,email
stmt_13cd56db,donor_d47046c7,Samuel Wilson,2025,75,2026-01-05,2026-01-15,email
stmt_7e21dfc1,donor_48038749,Kenneth Turner,2025,3895,2026-01-05,2026-01-09,email
stmt_ede66a18,donor_31ae34de,Robert Martin,2025,200,2026-01-05,,
stmt_134ba2fb,donor_bf2febe1,Margaret Martin,2025,170,2026-01-05,2026-01-05,email
stmt_34b829cb,donor_4c934d12,Carolyn Rodriguez,2025,50,2026-01-05,,
stmt_b824ccfc,donor_10eb3938,Zachary Rodriguez,2025,120,2026-01-05,,
stmt_a69bfa6f,donor_a80e7144,Deborah Kelly,2025,320,2026-01-05,2026-01-12,email
stmt_0ee5e862,donor_936a58c0,Charles Ortiz,2025,500,2026-01-05,2026-01-11,email
stmt_3b08a95a,donor_e6f6d560,Laura Ortiz,2025,1020,2026-01-05,2026-01-20,email
stmt_9f1d8a7e,donor_1a939eab,Margaret Harris,2025,450,2026-01-05,2026-01-12,email
stmt_f79cdee2,donor_3c8f06b1,Amanda Flores,2025,1850,2026-01-05,,
stmt_ad3f78af,donor_a6639ff8,Jason Flores,2025,400,2026-01-05,2026-01-10,email
stmt_8c552475,donor_b47d1070,Olivia Myers,2025,525,2026-01-05,2026-01-07,email
stmt_93a92224,donor_96768807,Richard Myers,2025,2000,2026-01-05,,
stmt_340c6899,donor_c9897475,Betty Ramirez,2025,500,2026-01-05,2026-01-15,email
stmt_3978433e,donor_f9ae9703,Raymond Mitchell,2025,1050,2026-01-05,2026-01-15,print
stmt_ea90235a,donor_1b4f9ce8,Patricia Mitchell,2025,125,2026-01-05,2026-01-17,email
stmt_4ac4f087,donor_740b035a,Brandon Richardson,2025,335,2026-01-05,2026-01-10,print
stmt_8ef43ed8,donor_d5230099,Janet Richardson,2025,2240,2026-01-05,2026-01-06,print
stmt_1f2abb7c,donor_bacd351e,Kimberly Taylor,2025,500,2026-01-05,2026-01-14,print
stmt_5228581f,donor_601e1689,Sharon Taylor,2025,250,2026-01-05,2026-01-20,email
stmt_a4ebb9f9,donor_cdacf409,Benjamin Hernandez,2025,675,2026-01-05,2026-01-09,email
stmt_8a6ff48a,donor_764b0dd2,Charles Carter,2025,1335,2026-01-05,,
stmt_d818d0da,donor_cc71f6d9,Nathan Torres,2025,305,2026-01-05,,
stmt_13c9f95c,donor_1cf09417,Gary Torres,2025,220,2026-01-05,2026-01-08,email
stmt_5229eee5,donor_e64e35e6,Benjamin White,2025,175,2026-01-05,2026-01-13,print
stmt_29602864,donor_ed3bebb4,Jonathan Bell,2025,800,2026-01-05,2026-01-11,print
stmt_ac3678eb,donor_79be7c34,Patricia Bell,2025,355,2026-01-05,2026-01-12,email
stmt_960496dd,donor_32d7f3cb,Cynthia Sanchez,2025,1475,2026-01-05,,
stmt_a37420a1,donor_42d21988,Betty Sanchez,2025,225,2026-01-05,,
stmt_0022513f,donor_902950c3,Catherine Clark,2025,620,2026-01-05,,
stmt_97682911,donor_292734c8,Larry Clark,2025,150,2026-01-05,2026-01-05,email
stmt_4b223548,donor_84f1ca6a,Patricia Evans,2025,525,2026-01-05,,
stmt_742bdaac,donor_445b3f78,Raymond Evans,2025,1275,2026-01-05,2026-01-05,email
stmt_f226a884,donor_47d1c2ec,Dorothy Sullivan,2025,1625,2026-01-05,2026-01-08,print
stmt_0770c128,donor_f9bb2e3d,Samuel Cox,2025,525,2026-01-05,2026-01-19,email
stmt_a4337e55,donor_aec75ea2,Aaron Cox,2025,195,2026-01-05,,
stmt_e5cb4ba8,donor_6fed5f4d,John Brooks,2025,2435,2026-01-05,2026-01-19,email
stmt_8f5697bd,donor_79588c8a,Samuel Phillips,2025,505,2026-01-05,2026-01-06,email
stmt_5c2b427a,donor_16eedce5,Rachel Cox,2025,625,2026-01-05,2026-01-07,email
stmt_e1077d69,donor_f23bc4ca,Sharon Johnson,2025,450,2026-01-05,,
stmt_5914cd75,donor_02c4b3ba,Kimberly Johnson,2025,2750,2026-01-05,2026-01-10,email
stmt_f1ba7f74,donor_c6809907,Jessica Carter,2025,625,2026-01-05,2026-01-14,email
stmt_7b2aff56,donor_93a1b281,Janet Walker,2025,700,2026-01-05,,
stmt_4c924eba,donor_e38812bf,Margaret Jenkins,2025,375,2026-01-05,2026-01-09,email
stmt_ba7dc856,donor_08fcd81f,Nathan Watson,2025,1675,2026-01-05,2026-01-08,email
stmt_1e360b7d,donor_f4940322,Betty Watson,2025,1015,2026-01-05,,
stmt_03c1227b,donor_79a12342,Joseph Richardson,2025,470,2026-01-05,2026-01-18,email
stmt_f26ff9d3,donor_a0f200fd,Margaret King,2025,820,2026-01-05,2026-01-18,email
stmt_6dc1ad43,donor_c3daa922,Stephanie Miller,2025,170,2026-01-05,,
stmt_43503ca7,donor_fd58b5cf,Debra Miller,2025,860,2026-01-05,2026-01-14,email
stmt_0e1e06b0,donor_3c58c0c6,Emily Richardson,2025,1225,2026-01-05,2026-01-15,print
stmt_08d7837e,donor_f51f688a,Anthony Ross,2025,895,2026-01-05,2026-01-13,email
stmt_c3c39aaf,donor_e05da6d2,Debra Morales,2025,720,2026-01-05,,
stmt_42f351a2,donor_6b21a582,Maria Williams,2025,705,2026-01-05,2026-01-13,email
stmt_e77377fd,donor_29e3b82c,Nicholas Garcia,2025,1100,2026-01-05,2026-01-11,print
stmt_097fe36f,donor_48cf8ca7,Steven Jenkins,2025,700,2026-01-05,2026-01-07,email
stmt_33047c6d,donor_fa893e14,Janet Brooks,2025,425,2026-01-05,,
stmt_1eea4696,donor_89b9454f,Matthew Jenkins,2025,295,2026-01-05,2026-01-14,email
stmt_c06515ec,donor_af2857f7,Kelly Jenkins,2025,200,2026-01-05,2026-01-14,print
stmt_d5ad96d7,donor_12cf820f,Justin Turner,2025,895,2026-01-05,,
stmt_a0f07095,donor_b2055cf3,Eric Johnson,2025,550,2026-01-05,2026-01-11,email
stmt_d1c75d3d,donor_1a3889ed,Aaron Johnson,2025,550,2026-01-05,2026-01-07,email
stmt_20b81721,donor_d9f31be3,James Flores,2025,610,2026-01-05,2026-01-12,email
stmt_cca0a9ac,donor_49cae43b,Barbara Flores,2025,2020,2026-01-05,2026-01-16,email
stmt_e7bbfd9d,donor_e9c4878f,Deborah Jones,2025,670,2026-01-05,,
stmt_52b4427e,donor_d8f32908,Larry Jones,2025,270,2026-01-05,2026-01-05,print
stmt_657284d3,donor_b5ec3b20,Larry Parker,2025,400,2026-01-05,,
stmt_6e2a26dc,donor_51483175,Shirley Parker,2025,600,2026-01-05,2026-01-19,email
stmt_4a23c138,donor_f7a8e5ae,Peter Edwards,2025,2550,2026-01-05,,
stmt_8dafbfe9,donor_a357f7df,Donna Mitchell,2025,1975,2026-01-05,,
stmt_af7a6820,donor_f5f9b478,Kevin Miller,2025,3300,2026-01-05,,
stmt_1e008ae7,donor_392ef14a,Amy Miller,2025,1300,2026-01-05,,
stmt_aa243f56,donor_a830eb6a,Nicole James,2025,1125,2026-01-05,2026-01-09,email
stmt_378f7532,donor_b61bc89b,Kathleen Stewart,2025,1900,2026-01-05,,
stmt_92c78daf,donor_be14225c,Lisa Gray,2025,645,2026-01-05,2026-01-07,print
stmt_c8626ed1,donor_c1b1ff39,Melissa Morgan,2025,710,2026-01-05,,
stmt_3f270d3a,donor_10039be0,Patricia Morgan,2025,270,2026-01-05,,
stmt_c91353b4,donor_2200c782,Douglas Price,2025,1235,2026-01-05,2026-01-10,print
stmt_37a68553,donor_cc2b594d,Brian Price,2025,3270,2026-01-05,2026-01-10,email
stmt_7efd4282,donor_e8982cf7,Maria Russell,2025,5825,2026-01-05,2026-01-20,email
stmt_304065b1,donor_af3b907d,Pamela Russell,2025,1720,2026-01-05,,
stmt_d2b6a303,donor_8386b571,Patricia Wood,2025,300,2026-01-05,,
stmt_a0a804f9,donor_4d6f0c7b,Deborah Robinson,2025,185,2026-01-05,2026-01-18,email
stmt_8db88b58,donor_53982e66,Robert Robinson,2025,1155,2026-01-05,,
stmt_3797f79a,donor_a24d5462,Pamela Adams,2025,660,2026-01-05,2026-01-17,email
stmt_af5d55b2,donor_a46924bf,Patricia Lee,2025,875,2026-01-05,2026-01-11,email
stmt_e9ab6881,donor_3cf74c7d,Heather Lee,2025,2200,2026-01-05,2026-01-20,email
stmt_cf5e58e6,donor_a493b172,Kelly Clark,2025,675,2026-01-05,2026-01-16,email
stmt_90dac50b,donor_80cc5347,Jessica Diaz,2025,895,2026-01-05,2026-01-15,email
stmt_e04675e5,donor_b9c59eaf,Elizabeth Allen,2025,275,2026-01-05,2026-01-19,email
stmt_9115f021,donor_661e8229,Patricia Howard,2025,400,2026-01-05,2026-01-10,email
stmt_396cdfe1,donor_1e35e0d6,Ruth Ortiz,2025,775,2026-01-05,,
stmt_c31bf343,donor_f34b4a7d,Amy Morgan,2025,100,2026-01-05,,
stmt_84d48548,donor_a815f688,Jack Brown,2025,310,2026-01-05,,
stmt_db7ef6a4,donor_79f4afa3,Brandon Ward,2025,50,2026-01-05,,
stmt_aa644405,donor_cd054ee8,Victoria Watson,2025,270,2026-01-05,2026-01-15,print
stmt_302f5efb,donor_1c05d076,Elizabeth Watson,2025,775,2026-01-05,2026-01-17,email
stmt_72e9289c,donor_50918138,Kathleen Price,2025,595,2026-01-05,2026-01-13,email
stmt_935dc986,donor_441e816e,Alexander Price,2025,1345,2026-01-05,2026-01-15,print
stmt_5ed4beb4,donor_838caafe,Rachel Fisher,2025,1375,2026-01-05,2026-01-20,email
stmt_4231cfd7,donor_5a012a1d,Stephen Clark,2025,125,2026-01-05,2026-01-15,email
stmt_5e72e9f4,donor_43a9e548,Katherine Clark,2025,775,2026-01-05,2026-01-07,email
stmt_d8295623,donor_cc176cd0,Brandon Roberts,2025,850,2026-01-05,2026-01-19,email
stmt_910de7f2,donor_65cea823,Anthony Roberts,2025,325,2026-01-05,2026-01-15,email
stmt_bf12a0f2,donor_1bfea5ce,Dennis Butler,2025,200,2026-01-05,2026-01-12,email
stmt_85845809,donor_1295a017,Ruth Butler,2025,480,2026-01-05,2026-01-05,email
